libcell_name,func_id,libcell_area,worst_input_cap,libcell_leakage,fo4_delay,fix_load_delay
fakeram_512x8,0,175560000,2.499999956129175e-14,0.00012889999197795987,2.1799999305738282e-10,2.1799999305738282e-10
fakeregfile_64x64,1,234080000,2.499999956129175e-14,0.00012889999197795987,2.1799999305738282e-10,2.1799999305738282e-10
A2O1A1Ixp33_ASAP7_75t_R,2,87480,6.317369714573993e-16,0.0,2.0650410201272784e-11,2.2657355158717252e-11
A2O1A1O1Ixp25_ASAP7_75t_R,3,131220,6.760200127585317e-16,0.0,2.6972892669396842e-11,3.071793167053194e-11
AND2x2_ASAP7_75t_R,4,87480,5.65708000361848e-16,1.74628991822523e-10,1.6822805301575094e-11,1.8116945443846788e-11
AND2x4_ASAP7_75t_R,4,145800,1.1021600121211244e-15,3.49257983645046e-10,1.663371350379972e-11,1.495740337142948e-11
AND2x6_ASAP7_75t_R,4,174960,1.1028200625452724e-15,4.841260170529438e-10,1.8647196634025143e-11,1.752046251135564e-11
AND3x1_ASAP7_75t_R,5,87480,6.378089800793509e-16,9.956199753524686e-11,2.5714251908337538e-11,2.6382954848580553e-11
AND3x2_ASAP7_75t_R,5,102060,6.378479965344838e-16,1.6699600036140794e-10,2.593016426577499e-11,2.6370289632482447e-11
AND3x4_ASAP7_75t_R,5,204120,1.0673700396367854e-15,3.328009812175736e-10,2.4512345278560055e-11,2.269529529586034e-11
AND4x1_ASAP7_75t_R,6,102060,6.422529913766798e-16,9.640310077996261e-11,3.202501805410485e-11,3.268818549173602e-11
AND4x2_ASAP7_75t_R,6,116640,6.415209960915745e-16,1.6383699952271513e-10,3.2787147996593546e-11,3.324791483794165e-11
AND5x1_ASAP7_75t_R,7,116640,5.550959480821725e-16,9.416300378317644e-11,3.81645270941533e-11,3.982173965577651e-11
AND5x2_ASAP7_75t_R,7,291600,1.0676399255096043e-15,1.876639954545567e-10,3.803742737451543e-11,3.528181219403237e-11
AO211x2_ASAP7_75t_R,8,233280,9.990399976608994e-16,1.3387299602207747e-10,2.3747899480230927e-11,2.179999583629133e-11
AO21x1_ASAP7_75t_R,9,87480,6.344629881794596e-16,9.787790022919296e-11,1.8710661492393754e-11,1.9472638779216567e-11
AO21x2_ASAP7_75t_R,9,102060,6.358109881754556e-16,1.1732199933778276e-10,1.879016386929777e-11,1.9276956766955955e-11
AO221x1_ASAP7_75t_R,10,145800,5.70434973603119e-16,9.396179667664484e-11,2.454205588753311e-11,2.6430595559401304e-11
AO221x2_ASAP7_75t_R,10,160380,5.706289970875994e-16,1.1340599986864319e-10,2.5973338063645102e-11,2.7278007977415974e-11
AO222x2_ASAP7_75t_R,11,174960,6.523630178164295e-16,1.3682499577782892e-10,3.237467585681664e-11,3.299832629366506e-11
AO22x1_ASAP7_75t_R,12,131220,4.661290071376195e-16,6.297549981493233e-11,1.9960384040063062e-11,2.2949461775390034e-11
AO22x2_ASAP7_75t_R,12,145800,6.487659865267957e-16,1.0417899876102865e-10,1.9492111050234406e-11,2.0272837228385576e-11
AO31x2_ASAP7_75t_R,13,233280,1.2366100812343916e-15,1.3079300142937456e-10,2.2109222438948528e-11,1.853791946337946e-11
AO322x2_ASAP7_75t_R,14,218700,6.260419983760942e-16,1.132920007806959e-10,3.329770834059609e-11,3.378907570406042e-11
AO32x1_ASAP7_75t_R,15,116640,5.559329754527373e-16,7.14397985213111e-11,2.5318096577575666e-11,2.6767688759976593e-11
AO32x2_ASAP7_75t_R,15,131220,5.619220277854173e-16,9.088420294123267e-11,2.7237391161949454e-11,2.8220436404380322e-11
AO331x1_ASAP7_75t_R,16,145800,6.685079951866885e-16,1.262430021631289e-10,3.196158268603533e-11,3.2833284702160626e-11
AO331x2_ASAP7_75t_R,16,160380,6.675379836434047e-16,1.4568699024941623e-10,3.2870185739941604e-11,3.3488930378799964e-11
AO332x1_ASAP7_75t_R,17,160380,6.548130076768034e-16,1.1309999464748088e-10,3.46714011667526e-11,3.561466746515585e-11
AO332x2_ASAP7_75t_R,17,174960,6.538749716272785e-16,1.3254400355044993e-10,3.549330274132956e-11,3.615275787072214e-11
AO333x1_ASAP7_75t_R,18,174960,6.509490021901069e-16,1.1095999813415247e-10,3.830475867050431e-11,3.922508151621429e-11
AO333x2_ASAP7_75t_R,18,189540,6.506250120877821e-16,1.3040400703712152e-10,3.905642476098592e-11,3.971362128041278e-11
AO33x2_ASAP7_75t_R,19,145800,5.793610068012848e-16,9.934850164761144e-11,3.083636471168383e-11,3.199806045128817e-11
AOI211x1_ASAP7_75t_R,20,174960,1.0596800392669004e-15,0.0,2.2278449918200494e-11,1.8562226408724847e-11
AOI211xp5_ASAP7_75t_R,20,87480,5.707670105184427e-16,0.0,2.4408069315695613e-11,2.885395047891315e-11
AOI21x1_ASAP7_75t_R,21,116640,1.2416199634800455e-15,0.0,1.7030375373816575e-11,1.1543654920842528e-11
AOI21xp33_ASAP7_75t_R,21,72900,4.850040246364383e-16,0.0,1.8406571405948924e-11,2.57953901294794e-11
AOI21xp5_ASAP7_75t_R,21,72900,6.003360307345839e-16,0.0,1.64623956827592e-11,1.83883689525155e-11
AOI221x1_ASAP7_75t_R,22,204120,9.780579327662263e-16,0.0,2.4590487632258906e-11,1.98427507064336e-11
AOI221xp5_ASAP7_75t_R,23,102060,5.6847800985760635e-16,0.0,2.4165797835040692e-11,2.924019706918024e-11
AOI222xp33_ASAP7_75t_R,24,145800,5.700740316884703e-16,0.0,2.792218539715563e-11,3.1373233871923034e-11
AOI22x1_ASAP7_75t_R,25,145800,1.334960029652154e-15,0.0,1.8492422870775016e-11,1.325620082454071e-11
AOI22xp33_ASAP7_75t_R,25,87480,4.657919939037307e-16,0.0,1.8685204425383795e-11,2.7042328445969765e-11
AOI22xp5_ASAP7_75t_R,25,87480,6.477770226213171e-16,0.0,1.7664522622418133e-11,1.992744684542469e-11
AOI311xp33_ASAP7_75t_R,26,102060,6.189910314253534e-16,0.0,2.804330899441876e-11,3.027164283131434e-11
AOI31xp33_ASAP7_75t_R,27,87480,5.481609717056463e-16,0.0,2.3886918484872233e-11,2.817388683462596e-11
AOI31xp67_ASAP7_75t_R,27,189540,1.2509200676035425e-15,0.0,2.2301945012959123e-11,1.4176490710504641e-11
AOI321xp33_ASAP7_75t_R,28,116640,6.064040159500361e-16,0.0,2.9424029185376455e-11,3.2024126406238196e-11
AOI322xp5_ASAP7_75t_R,29,131220,6.108530035659301e-16,0.0,3.126710348966277e-11,3.3711096414368313e-11
AOI32xp33_ASAP7_75t_R,30,102060,5.465609794078421e-16,0.0,2.6184002882567725e-11,3.0526234318095646e-11
AOI331xp33_ASAP7_75t_R,31,131220,6.683419767290267e-16,0.0,3.223625186232759e-11,3.4726440473198394e-11
AOI332xp33_ASAP7_75t_R,32,145800,6.531079832935397e-16,0.0,3.4416174771179087e-11,3.699885883778897e-11
AOI333xp33_ASAP7_75t_R,33,160380,6.522810144392235e-16,0.0,3.8875555552486674e-11,3.983472232627072e-11
AOI33xp33_ASAP7_75t_R,34,116640,5.5583498432865185e-16,0.0,2.6800301561324957e-11,3.29487652439564e-11
BUFx10_ASAP7_75t_R,35,204120,1.3353999573891343e-15,2.8601998547372887e-10,1.4043040168221221e-11,1.306388504318523e-11
BUFx12_ASAP7_75t_R,35,233280,1.3362199911611948e-15,3.2490798940187915e-10,1.5471769698738314e-11,1.4549837029642632e-11
BUFx12f_ASAP7_75t_R,35,262440,2.6017500006763348e-15,4.164840139431192e-10,1.205163226158934e-11,9.73241452706386e-12
BUFx16f_ASAP7_75t_R,35,320760,2.5975000128634863e-15,4.942619646897128e-10,1.3468881392142418e-11,1.1749400063987281e-11
BUFx24_ASAP7_75t_R,35,437400,2.6073501590071066e-15,6.498159788037583e-10,1.653021643177599e-11,1.5176854564757924e-11
BUFx2_ASAP7_75t_R,35,72900,5.770419894103802e-16,6.941600072529752e-11,1.308675043332208e-11,1.3743286890466333e-11
BUFx3_ASAP7_75t_R,35,87480,6.935129901247867e-16,1.041210034857798e-10,1.2052202985612936e-11,1.2008409891461902e-11
BUFx4_ASAP7_75t_R,35,102060,5.819660036910062e-16,1.0830499691527606e-10,1.695727933070934e-11,1.731480236966121e-11
BUFx4f_ASAP7_75t_R,35,116640,1.0899499263073353e-15,1.3883200145059504e-10,1.2252202724605255e-11,1.1022954250761163e-11
BUFx5_ASAP7_75t_R,35,116640,6.936000227601171e-16,1.4300999273686443e-10,1.4461269855214898e-11,1.4432691153309918e-11
BUFx6f_ASAP7_75t_R,35,145800,1.3331600846392387e-15,2.082420069715596e-10,1.135004937258266e-11,9.87631244148135e-12
BUFx8_ASAP7_75t_R,35,174960,9.382030208946617e-16,2.1660899462982997e-10,1.555830464461394e-11,1.5096889016685822e-11
CKINVDCx10_ASAP7_75t_R,36,349920,6.6842499654576944e-15,0.0,9.801764434824722e-12,2.9122693839811475e-12
CKINVDCx11_ASAP7_75t_R,36,379080,7.534059910229568e-15,0.0,1.030066310026001e-11,3.0039070189613604e-12
CKINVDCx12_ASAP7_75t_R,36,379080,7.997259877435582e-15,0.0,1.0173015208003733e-11,3.0356413997095766e-12
CKINVDCx14_ASAP7_75t_R,36,408240,9.303439739243285e-15,0.0,1.0840749305185415e-11,3.231452865709583e-12
CKINVDCx16_ASAP7_75t_R,36,437400,1.0558800165314571e-14,0.0,1.0420776221098382e-11,3.107686850911673e-12
CKINVDCx20_ASAP7_75t_R,36,554040,1.3225600390515905e-14,0.0,1.2124073446584394e-11,3.4603914785685808e-12
CKINVDCx5p33_ASAP7_75t_R,36,320760,4.045029980051908e-15,0.0,1.0063887223576984e-11,3.4766480059428284e-12
CKINVDCx6p67_ASAP7_75t_R,36,349920,4.947209854370147e-15,0.0,1.0363970098792308e-11,3.304512262783388e-12
CKINVDCx8_ASAP7_75t_R,36,320760,5.398589900313701e-15,0.0,9.419474748806334e-12,3.0489692801755064e-12
CKINVDCx9p33_ASAP7_75t_R,36,408240,6.780630032877499e-15,0.0,1.0808442682530561e-11,3.4409189907103066e-12
DECAPx10_ASAP7_75t_R,37,320760,NaN,NaN,NaN,NaN
DECAPx1_ASAP7_75t_R,38,58320,NaN,NaN,NaN,NaN
DECAPx2_ASAP7_75t_R,39,87480,NaN,NaN,NaN,NaN
DECAPx2b_ASAP7_75t_R,40,87480,NaN,NaN,NaN,NaN
DECAPx4_ASAP7_75t_R,41,145800,NaN,NaN,NaN,NaN
DECAPx6_ASAP7_75t_R,42,204120,NaN,NaN,NaN,NaN
DFFASRHQNx1_ASAP7_75t_R,43,379080,1.1644599206663887e-15,2.143839966661787e-10,4.141130147128358e-11,4.458219904357463e-11
DFFHQNx1_ASAP7_75t_R,44,291600,6.213500181834566e-16,1.6299299410160728e-10,3.7932549462604825e-11,4.0444685794893687e-11
DFFHQNx2_ASAP7_75t_R,44,306180,6.215529884534424e-16,1.8243699606568242e-10,4.020224778078507e-11,4.203940320857136e-11
DFFHQNx3_ASAP7_75t_R,44,320760,6.216409740008384e-16,2.0188199723047973e-10,4.584456078648991e-11,4.73079908580587e-11
DFFHQx4_ASAP7_75t_R,45,364500,6.212170340107377e-16,2.9374300214435323e-10,4.686981358581477e-11,4.755806859435552e-11
DFFLQNx1_ASAP7_75t_R,46,291600,6.206169641071672e-16,1.2011200367645358e-10,4.0071241463879304e-11,4.2630600438631205e-11
DFFLQNx2_ASAP7_75t_R,46,306180,6.206979616327484e-16,1.3955700484125089e-10,4.212312443296895e-11,4.39377527416962e-11
DFFLQNx3_ASAP7_75t_R,46,320760,6.205780005915935e-16,1.5900100680532603e-10,4.7208296299894315e-11,4.866100231093462e-11
DFFLQx4_ASAP7_75t_R,47,364500,6.207090260006219e-16,2.835220114238979e-10,4.8892164622449386e-11,4.942910317162763e-11
DHLx1_ASAP7_75t_R,48,218700,6.193840017733202e-16,1.1562899943085014e-10,2.8287578876518005e-11,3.0300279646455763e-11
DHLx2_ASAP7_75t_R,48,233280,6.191960133985889e-16,1.3507299445603138e-10,2.7800574342595752e-11,2.9045543747940883e-11
DHLx3_ASAP7_75t_R,48,247860,6.195049686660999e-16,1.545180094986165e-10,2.947785418538906e-11,3.04529006178722e-11
DLLx1_ASAP7_75t_R,49,218700,6.262810204858975e-16,1.216910044954389e-10,3.207186946574403e-11,3.3874458793548e-11
DLLx2_ASAP7_75t_R,49,233280,6.260610036778482e-16,1.411360056602362e-10,3.249195010268657e-11,3.3690709944078634e-11
DLLx3_ASAP7_75t_R,49,247860,6.240019724621914e-16,1.6058000762431135e-10,3.4102547175063336e-11,3.509315754657294e-11
FAx1_ASAP7_75t_R,50,204120,2.1764299821462434e-15,0.0,7.814118102578149e-11,3.94421162397407e-11
FILLER_ASAP7_75t_R,51,29160,NaN,NaN,NaN,NaN
FILLERxp5_ASAP7_75t_R,52,14580,NaN,NaN,NaN,NaN
HAxp5_ASAP7_75t_R,53,131220,1.0640499881209037e-15,0.0,3.774729140371136e-11,2.8604620408434478e-11
HB1xp67_ASAP7_75t_R,35,58320,3.383590104233142e-16,2.8231500470710102e-11,1.4536054651625996e-11,2.0118988072748145e-11
HB2xp67_ASAP7_75t_R,35,72900,5.170410341630825e-16,2.385079980737892e-11,2.672930626834713e-11,2.941493229546843e-11
HB3xp67_ASAP7_75t_R,35,87480,6.60731968033098e-16,2.3137599475253623e-11,4.042361584355447e-11,4.083210505823054e-11
HB4xp67_ASAP7_75t_R,35,102060,8.018890028414023e-16,2.2892699888532597e-11,5.54242624017931e-11,5.3398271915305884e-11
ICGx1_ASAP7_75t_R,54,262440,2.3934800572977897e-15,2.2901300300581795e-10,1.1703808061591658e-11,1.4016265578731257e-11
ICGx2_ASAP7_75t_R,54,277020,2.3922601180955067e-15,2.484570049698931e-10,1.0184647396271895e-11,1.1530673117710055e-11
ICGx2p67DC_ASAP7_75t_R,54,699840,6.53187974967496e-15,5.112800183226796e-10,3.2840404007306034e-11,9.880924203842234e-12
ICGx3_ASAP7_75t_R,54,291600,2.392990048737803e-15,2.6790100693396823e-10,1.0666014946258962e-11,1.1700512086987302e-11
ICGx4DC_ASAP7_75t_R,54,699840,6.5249298443427386e-15,5.371980082991001e-10,2.4731043601899927e-11,9.055260014045885e-12
ICGx4_ASAP7_75t_R,54,306180,2.3905800282446278e-15,2.8734600809876554e-10,1.1331434054961953e-11,1.222714030718608e-11
ICGx5_ASAP7_75t_R,54,320760,2.3899600001272376e-15,3.067900100628407e-10,1.2480375240209174e-11,1.3257980650827061e-11
ICGx5p33DC_ASAP7_75t_R,54,699840,6.5314397160588615e-15,5.631159982755207e-10,2.062547702075257e-11,8.559761406623512e-12
ICGx6p67DC_ASAP7_75t_R,54,699840,6.53187974967496e-15,5.890330445623704e-10,1.849628436523254e-11,8.48775910666788e-12
ICGx8DC_ASAP7_75t_R,54,699840,6.531700178690142e-15,6.149509790276397e-10,1.7136569940845447e-11,8.506639836980412e-12
INVx11_ASAP7_75t_R,36,189540,7.0339199891608466e-15,0.0,9.34542981195774e-12,3.1535000305504823e-12
INVx13_ASAP7_75t_R,36,218700,8.300959305508875e-15,0.0,9.841880782568424e-12,3.139238435173608e-12
INVx1_ASAP7_75t_R,36,43740,6.837159952986067e-16,0.0,8.900522679988754e-12,8.900522679988754e-12
INVx2_ASAP7_75t_R,36,58320,1.3204499317492143e-15,0.0,8.418038835444897e-12,4.975896431003157e-12
INVx3_ASAP7_75t_R,36,72900,1.9594499989710823e-15,0.0,8.342396218274928e-12,3.966072695954503e-12
INVx4_ASAP7_75t_R,36,87480,2.5933002117527627e-15,0.0,8.298457407351911e-12,3.4787112426770683e-12
INVx5_ASAP7_75t_R,36,102060,3.228420126922377e-15,0.0,8.477055862821103e-12,3.3154971823545765e-12
INVx6_ASAP7_75t_R,36,116640,3.8665300683957994e-15,0.0,8.541774058901108e-12,2.8928550093593186e-12
INVx8_ASAP7_75t_R,36,145800,5.1213898979952585e-15,0.0,8.792192668360954e-12,2.9478177711317333e-12
INVxp33_ASAP7_75t_R,36,43740,2.968530195793142e-16,0.0,1.1465462260162873e-11,2.3622818978719096e-11
INVxp67_ASAP7_75t_R,36,43740,4.855009682786806e-16,0.0,9.500379649640678e-12,1.2637522105174437e-11
MAJIxp5_ASAP7_75t_R,55,102060,1.2138299771509344e-15,0.0,2.401861522172144e-11,2.5006913206837567e-11
MAJx2_ASAP7_75t_R,56,131220,1.220150007607754e-15,2.256900083486002e-10,2.515373326295034e-11,2.5464625200144475e-11
MAJx3_ASAP7_75t_R,56,145800,1.2254099763310848e-15,2.9312399729697347e-10,2.7737557042883942e-11,2.798497891753904e-11
NAND2x1_ASAP7_75t_R,57,87480,1.0628999291367692e-15,0.0,1.7816423683592042e-11,1.3203270941841705e-11
NAND2x1p5_ASAP7_75t_R,57,116640,1.641530052383692e-15,0.0,1.595946638732748e-11,9.128598051078018e-12
NAND2x2_ASAP7_75t_R,57,145800,2.1830999430893974e-15,0.0,1.743201416548601e-11,8.922144273393329e-12
NAND2xp33_ASAP7_75t_R,57,58320,3.708249891981835e-16,0.0,1.758092629811081e-11,2.9055407385625287e-11
NAND2xp5_ASAP7_75t_R,57,58320,5.641689944362461e-16,0.0,1.307277203155266e-11,1.578994747453155e-11
NAND2xp67_ASAP7_75t_R,57,87480,8.064709746300153e-16,0.0,2.0114921880920456e-11,1.7881352648574378e-11
NAND3x1_ASAP7_75t_R,58,160380,1.3903600078090847e-15,0.0,2.5469414771661647e-11,1.681320534185904e-11
NAND3x2_ASAP7_75t_R,58,291600,2.832329944852611e-15,0.0,2.6010037873502867e-11,1.2605849523950052e-11
NAND3xp33_ASAP7_75t_R,58,72900,5.558059734502084e-16,0.0,2.045280611540079e-11,2.381285967023583e-11
NAND4xp25_ASAP7_75t_R,59,87480,5.546180097416842e-16,0.0,2.833528203738389e-11,3.277335000606563e-11
NAND4xp75_ASAP7_75t_R,59,204120,1.6042300036392832e-15,0.0,2.8583102898438462e-11,1.7565282561804452e-11
NAND5xp2_ASAP7_75t_R,60,102060,5.504140264057835e-16,0.0,3.606479004325536e-11,4.1739639522475613e-11
NOR2x1_ASAP7_75t_R,61,87480,1.0873700757082355e-15,0.0,1.699796206566795e-11,1.2715408587160582e-11
NOR2x1p5_ASAP7_75t_R,61,116640,1.6439700366673764e-15,0.0,1.7353337516956557e-11,9.94199427645226e-12
NOR2x2_ASAP7_75t_R,61,145800,2.1929299722005203e-15,0.0,1.6631666530098066e-11,8.512193554188752e-12
NOR2xp33_ASAP7_75t_R,61,58320,3.7268200305592015e-16,0.0,1.6859180718142852e-11,2.8802181126219573e-11
NOR2xp67_ASAP7_75t_R,61,87480,8.101099869900973e-16,0.0,1.90769379460054e-11,1.7246953865068804e-11
NOR3x1_ASAP7_75t_R,62,160380,1.4109900246350553e-15,0.0,2.41672341860788e-11,1.5124772961838673e-11
NOR3x2_ASAP7_75t_R,62,291600,2.8530600174454758e-15,0.0,2.373411363276734e-11,1.1099012334203628e-11
NOR3xp33_ASAP7_75t_R,62,72900,5.573319562442462e-16,0.0,2.8017867539920083e-11,3.260398201421211e-11
NOR4xp25_ASAP7_75t_R,63,87480,5.566959933195358e-16,0.0,3.972405737684426e-11,4.587164675884381e-11
NOR4xp75_ASAP7_75t_R,63,204120,1.6098899836719549e-15,0.0,3.957243560614998e-11,2.4137459392337135e-11
NOR5xp2_ASAP7_75t_R,64,102060,5.538770147315143e-16,0.0,5.1454642630011094e-11,5.932526692120632e-11
O2A1O1Ixp33_ASAP7_75t_R,65,87480,6.146950391355572e-16,0.0,2.566772662471184e-11,2.8373388707980673e-11
O2A1O1Ixp5_ASAP7_75t_R,66,116640,9.728909259088567e-16,0.0,2.583997078808853e-11,2.055638818887484e-11
OA211x2_ASAP7_75t_R,67,116640,5.704190387957988e-16,9.566459430176977e-11,2.707171119220586e-11,2.821650552098376e-11
OA21x2_ASAP7_75t_R,68,102060,6.484900126046684e-16,9.907330511538248e-11,1.7709471042404168e-11,1.8161663145610518e-11
OA221x2_ASAP7_75t_R,69,233280,1.0250100278237162e-15,1.0436599501284505e-10,2.971440107857326e-11,2.796693779338888e-11
OA222x2_ASAP7_75t_R,70,174960,6.528479971182918e-16,9.989880450644861e-11,2.7926836190794724e-11,2.8193917686603065e-11
OA22x2_ASAP7_75t_R,71,145800,6.495910495569806e-16,1.0417899876102865e-10,1.9487716995669757e-11,1.9996148833967275e-11
OA31x2_ASAP7_75t_R,72,218700,1.1586899322296924e-15,1.2674600258222313e-10,2.4519584279625306e-11,2.2690188269947065e-11
OA331x1_ASAP7_75t_R,73,145800,6.69695005983147e-16,5.524340013218776e-11,3.12137815594582e-11,3.22934561036714e-11
OA331x2_ASAP7_75t_R,73,160380,6.678779614926089e-16,7.468759638529221e-11,3.2029223023810616e-11,3.27409800660039e-11
OA332x1_ASAP7_75t_R,74,160380,6.54797019929924e-16,8.362229658720466e-11,3.364317505138992e-11,3.471124429554884e-11
OA332x2_ASAP7_75t_R,74,174960,6.546630299055802e-16,1.030669993795641e-10,3.4381365809910136e-11,3.510470039658209e-11
OA333x1_ASAP7_75t_R,75,174960,6.549660030029012e-16,1.1095999813415247e-10,3.730878800345394e-11,3.769545092735527e-11
OA333x2_ASAP7_75t_R,75,189540,6.540179613766868e-16,1.3040400703712152e-10,3.766542980288001e-11,3.793632422088855e-11
OA33x2_ASAP7_75t_R,76,145800,6.488839888042601e-16,1.3682499577782892e-10,3.045374369348153e-11,3.134734832821451e-11
OAI211xp5_ASAP7_75t_R,77,87480,5.697960460630932e-16,0.0,2.2603465973936032e-11,2.7302757277247736e-11
OAI21x1_ASAP7_75t_R,78,116640,1.378890017032959e-15,0.0,1.725610106195763e-11,1.160558021212621e-11
OAI21xp33_ASAP7_75t_R,78,72900,4.657989819255456e-16,0.0,1.7857437750734562e-11,2.5323665039933552e-11
OAI21xp5_ASAP7_75t_R,78,72900,6.479370059692298e-16,0.0,1.6642902334051968e-11,1.8141255858639127e-11
OAI221xp5_ASAP7_75t_R,79,102060,5.676959866890538e-16,0.0,2.583095022601345e-11,3.072899226741477e-11
OAI222xp33_ASAP7_75t_R,80,145800,6.547880202048594e-16,0.0,2.5557890873106892e-11,2.6218501328334476e-11
OAI22x1_ASAP7_75t_R,81,145800,1.335190104976452e-15,0.0,1.817787413649352e-11,1.3080379661356556e-11
OAI22xp33_ASAP7_75t_R,81,87480,4.890129786362337e-16,0.0,2.0178634804746132e-11,2.696390333234433e-11
OAI22xp5_ASAP7_75t_R,81,87480,6.482139857429819e-16,0.0,1.8133577972534454e-11,1.9718523688871947e-11
OAI311xp33_ASAP7_75t_R,82,102060,6.187189750306071e-16,0.0,2.8469081259085982e-11,3.04370868786652e-11
OAI31xp33_ASAP7_75t_R,83,87480,5.499410114443012e-16,0.0,2.297589896116392e-11,2.7011783435004766e-11
OAI31xp67_ASAP7_75t_R,83,189540,1.242249944234566e-15,0.0,2.633700549314888e-11,1.7845431729557326e-11
OAI321xp33_ASAP7_75t_R,84,116640,6.063860164999069e-16,0.0,2.9958670960672507e-11,3.2301928493128074e-11
OAI322xp33_ASAP7_75t_R,85,131220,6.116619729701171e-16,0.0,3.225043843091413e-11,3.4443305846343364e-11
OAI32xp33_ASAP7_75t_R,86,102060,5.327450250051772e-16,0.0,2.450554342781075e-11,2.9062795572909472e-11
OAI331xp33_ASAP7_75t_R,87,131220,6.683949692277893e-16,0.0,3.1800912597690356e-11,3.418641064678596e-11
OAI332xp33_ASAP7_75t_R,88,145800,6.537169999826155e-16,0.0,3.3820248684923726e-11,3.617999996818888e-11
OAI333xp33_ASAP7_75t_R,89,160380,6.531390058752329e-16,0.0,3.77248093874627e-11,3.865274419978526e-11
OAI33xp33_ASAP7_75t_R,90,116640,5.570279772953003e-16,0.0,2.399103658790036e-11,3.0161404623862964e-11
OR2x2_ASAP7_75t_R,91,87480,5.601419880467624e-16,2.43350006812193e-10,1.95701059524378e-11,2.06249548689863e-11
OR2x4_ASAP7_75t_R,91,116640,5.597879812143693e-16,3.7822101006668163e-10,2.5227989836063003e-11,2.5859238361736203e-11
OR2x6_ASAP7_75t_R,91,174960,1.0980700076561887e-15,6.215709613677234e-10,2.151400238514789e-11,2.018283110083452e-11
OR3x1_ASAP7_75t_R,92,87480,6.399400090955243e-16,3.109129897982399e-10,2.8745198929480686e-11,2.9356583136630476e-11
OR3x2_ASAP7_75t_R,92,102060,6.390420482923164e-16,3.7835298782873394e-10,3.072845103369026e-11,3.115594934821608e-11
OR3x4_ASAP7_75t_R,92,131220,6.381700278731181e-16,5.132320124445755e-10,3.927620034760437e-11,3.953245369947567e-11
OR4x1_ASAP7_75t_R,93,102060,6.419799820698679e-16,3.920750113461935e-10,3.69847832915049e-11,3.764425576813224e-11
OR4x2_ASAP7_75t_R,93,116640,6.418309572107104e-16,4.595190061795762e-10,3.991488389809561e-11,4.038671133632654e-11
OR5x1_ASAP7_75t_R,94,116640,5.561109582507791e-16,3.386400049265603e-10,4.362632824439494e-11,4.5750132848798586e-11
OR5x2_ASAP7_75t_R,94,131220,5.563250458281977e-16,4.0608399975994303e-10,4.776676276740943e-11,4.9268852886363845e-11
SDFHx1_ASAP7_75t_R,95,364500,1.1547299473221601e-15,2.071470078801596e-10,3.884815039101319e-11,4.135454131914962e-11
SDFHx2_ASAP7_75t_R,95,379080,1.1550400672599736e-15,2.2659099596644694e-10,4.028299221969789e-11,4.224736185887146e-11
SDFHx3_ASAP7_75t_R,95,393660,1.1552200617612651e-15,2.4603599713124424e-10,4.596431221748354e-11,4.753500371101893e-11
SDFHx4_ASAP7_75t_R,95,451980,1.331290047649938e-15,4.3481099276654334e-10,3.244742668995215e-11,3.242683899173926e-11
SDFLx1_ASAP7_75t_R,96,364500,1.4845900938505207e-15,1.6849299733223688e-10,4.012037924105982e-11,4.304885614647702e-11
SDFLx2_ASAP7_75t_R,96,379080,1.4916599602238971e-15,1.8793699929631202e-10,4.2408538486471414e-11,4.448772947251989e-11
SDFLx3_ASAP7_75t_R,96,393660,1.4901399596000493e-15,2.0738200046110933e-10,4.743506976101486e-11,4.910133757918267e-11
SDFLx4_ASAP7_75t_R,96,451980,1.3315400282484964e-15,3.2746899636393323e-10,3.339530041390759e-11,3.337038631534561e-11
TAPCELL_ASAP7_75t_R,97,29160,NaN,NaN,NaN,NaN
TAPCELL_WITH_FILLER_ASAP7_75t_R,98,43740,NaN,NaN,NaN,NaN
TIEHIx1_ASAP7_75t_R,99,43740,None,9.040960254752539e-13,None,None
TIELOx1_ASAP7_75t_R,100,43740,None,1.6536099746444766e-12,None,None
XNOR2x1_ASAP7_75t_R,101,174960,1.6521899620248874e-15,0.0,2.7133522859101866e-11,1.9608150172989447e-11
XNOR2x2_ASAP7_75t_R,101,160380,1.0545400315847245e-15,0.0,3.236184237254136e-11,2.985606900596238e-11
XNOR2xp5_ASAP7_75t_R,101,131220,1.0531300393649013e-15,0.0,3.169525406021556e-11,2.497698402270654e-11
XOR2x1_ASAP7_75t_R,102,174960,1.653009995796948e-15,2.9877700313818423e-10,3.1438608660838696e-11,2.1857475898667822e-11
XOR2x2_ASAP7_75t_R,102,160380,1.054390000873942e-15,3.246759805453081e-10,2.989719236068389e-11,2.8275238053709906e-11
XOR2xp5_ASAP7_75t_R,102,131220,1.0656199636886396e-15,1.7670799545843607e-10,3.8031536253591014e-11,2.8824701306384704e-11
DFFHQNH2V2Xx1_ASAP7_75t_L,103,1166400,5.76107023855289e-16,5.205369912886226e-9,3.557469596682239e-11,3.609341991950288e-11
DFFHQNH2V2Xx1_ASAP7_75t_R,103,1166400,5.76107023855289e-16,5.205369912886226e-9,3.557469596682239e-11,3.609341991950288e-11
DFFHQNH2V2Xx1_ASAP7_75t_SL,103,1166400,5.76107023855289e-16,5.205369912886226e-9,3.557469596682239e-11,3.609341991950288e-11
DFFHQNH2V2Xx2_ASAP7_75t_L,103,1224720,5.76107023855289e-16,6.2085296903546805e-9,3.949086196941565e-11,3.982709995131728e-11
DFFHQNH2V2Xx2_ASAP7_75t_R,103,1224720,5.76107023855289e-16,6.2085296903546805e-9,3.949086196941565e-11,3.982709995131728e-11
DFFHQNH2V2Xx2_ASAP7_75t_SL,103,1224720,5.76107023855289e-16,6.2085296903546805e-9,3.949086196941565e-11,3.982709995131728e-11
DFFHQNH2V2Xx3_ASAP7_75t_L,103,1283040,5.76107023855289e-16,7.211700125964171e-9,4.6098225930935044e-11,4.6358236693855304e-11
DFFHQNH2V2Xx3_ASAP7_75t_R,103,1283040,5.76107023855289e-16,7.211700125964171e-9,4.6098225930935044e-11,4.6358236693855304e-11
DFFHQNH2V2Xx3_ASAP7_75t_SL,103,1283040,5.76107023855289e-16,7.211700125964171e-9,4.6098225930935044e-11,4.6358236693855304e-11
DFHV2Xx1_ASAP7_75t_L,104,670680,5.76107023855289e-16,2.6053701418504716e-9,3.760074543390779e-11,3.9474021273910864e-11
DFHV2Xx1_ASAP7_75t_R,104,670680,5.76107023855289e-16,2.6053701418504716e-9,3.760074543390779e-11,3.9474021273910864e-11
DFHV2Xx1_ASAP7_75t_SL,104,670680,5.76107023855289e-16,2.6053701418504716e-9,3.760074543390779e-11,3.9474021273910864e-11
DFHV2Xx2_ASAP7_75t_L,104,699840,5.76107023855289e-16,3.108530099993345e-9,4.0610022289389036e-11,4.182429402810328e-11
DFHV2Xx2_ASAP7_75t_R,104,699840,5.76107023855289e-16,3.108530099993345e-9,4.0610022289389036e-11,4.182429402810328e-11
DFHV2Xx2_ASAP7_75t_SL,104,699840,5.76107023855289e-16,3.108530099993345e-9,4.0610022289389036e-11,4.182429402810328e-11
DFHV2Xx3_ASAP7_75t_L,104,729000,5.76107023855289e-16,3.6116998280988355e-9,4.7009410253373574e-11,4.8010262432285344e-11
DFHV2Xx3_ASAP7_75t_R,104,729000,5.76107023855289e-16,3.6116998280988355e-9,4.7009410253373574e-11,4.8010262432285344e-11
DFHV2Xx3_ASAP7_75t_SL,104,729000,5.76107023855289e-16,3.6116998280988355e-9,4.7009410253373574e-11,4.8010262432285344e-11
DFHV2Xx4_ASAP7_75t_L,104,758160,5.76107023855289e-16,6.0616200947549714e-9,3.294018530164422e-11,3.350911562116643e-11
DFHV2Xx4_ASAP7_75t_R,104,758160,5.76107023855289e-16,6.0616200947549714e-9,3.294018530164422e-11,3.350911562116643e-11
DFHV2Xx4_ASAP7_75t_SL,104,758160,5.76107023855289e-16,6.0616200947549714e-9,3.294018530164422e-11,3.350911562116643e-11
fakeram_256x128,105,1404480000,2.499999956129175e-14,0.00012889999197795987,2.1799999305738282e-10,2.1799999305738282e-10
fakeregfile_128x64,106,280896000,2.499999956129175e-14,0.00012889999197795987,2.1799999305738282e-10,2.1799999305738282e-10
DFFHQNV4Xx1_ASAP7_75t_L,103,1166400,5.76107023855289e-16,5.205369912886226e-9,3.557469596682239e-11,3.609341991950288e-11
DFFHQNV4Xx1_ASAP7_75t_R,103,1166400,5.76107023855289e-16,5.205369912886226e-9,3.557469596682239e-11,3.609341991950288e-11
DFFHQNV4Xx1_ASAP7_75t_SL,103,1166400,5.76107023855289e-16,5.205369912886226e-9,3.557469596682239e-11,3.609341991950288e-11
DFFHQNV4Xx2_ASAP7_75t_L,103,1224720,5.76107023855289e-16,6.2085296903546805e-9,3.949086196941565e-11,3.982709995131728e-11
DFFHQNV4Xx2_ASAP7_75t_R,103,1224720,5.76107023855289e-16,6.2085296903546805e-9,3.949086196941565e-11,3.982709995131728e-11
DFFHQNV4Xx2_ASAP7_75t_SL,103,1224720,5.76107023855289e-16,6.2085296903546805e-9,3.949086196941565e-11,3.982709995131728e-11
DFFHQNV4Xx3_ASAP7_75t_L,103,1283040,5.76107023855289e-16,7.211700125964171e-9,4.6098225930935044e-11,4.6358236693855304e-11
DFFHQNV4Xx3_ASAP7_75t_R,103,1283040,5.76107023855289e-16,7.211700125964171e-9,4.6098225930935044e-11,4.6358236693855304e-11
DFFHQNV4Xx3_ASAP7_75t_SL,103,1283040,5.76107023855289e-16,7.211700125964171e-9,4.6098225930935044e-11,4.6358236693855304e-11
fakeram7_256x34,107,375060000,2.499999956129175e-14,0.00012889999197795987,2.1799999305738282e-10,2.1799999305738282e-10
fakeram7_64x21,108,61712000,2.499999956129175e-14,0.00012889999197795987,2.1799999305738282e-10,2.1799999305738282e-10
fakeram_64x22,109,65968000,2.499999956129175e-14,0.00012889999197795987,2.1799999305738282e-10,2.1799999305738282e-10
fakeram7_2048x39,110,3386978000,2.499999956129175e-14,0.00012889999197795987,2.1799999305738282e-10,2.1799999305738282e-10
A2O1A1Ixp33_ASAP7_75t_SL,2,87480,6.900619661394359e-16,0.0,1.673909795496531e-11,1.7160871682020407e-11
A2O1A1O1Ixp25_ASAP7_75t_SL,3,131220,7.341270023357687e-16,0.0,2.1177119086113194e-11,2.249880143301297e-11
AND2x2_ASAP7_75t_SL,4,87480,6.280150028080455e-16,6.891569981348766e-9,1.151765401802285e-11,1.2012158628893488e-11
AND2x4_ASAP7_75t_SL,4,145800,1.2313700177853213e-15,1.3783099994668646e-8,1.1500672809916512e-11,1.009219183917276e-11
AND2x6_ASAP7_75t_SL,4,174960,1.2313999815758304e-15,1.9450800081699526e-8,1.2922900596845643e-11,1.199314259014983e-11
AND3x1_ASAP7_75t_SL,5,87480,7.125420088013282e-16,3.5728200398210674e-9,1.7252291609204384e-11,1.6975925873352615e-11
AND3x2_ASAP7_75t_SL,5,102060,7.127239620663103e-16,6.40647002114747e-9,1.722182639551928e-11,1.7059459747614802e-11
AND3x4_ASAP7_75t_SL,5,204120,1.1802599438688784e-15,1.2811500305076606e-8,1.6803608851589935e-11,1.540683552958555e-11
AND4x1_ASAP7_75t_SL,6,102060,7.169309629570856e-16,3.3672300503440056e-9,2.1143796782863156e-11,2.0811120188257703e-11
AND4x2_ASAP7_75t_SL,6,116640,7.153650107958492e-16,6.200850055648743e-9,2.1813592598896037e-11,2.162348772261069e-11
AND5x1_ASAP7_75t_SL,7,116640,6.180900001277116e-16,3.2529099414091434e-9,2.4669238873897825e-11,2.525772473116472e-11
AND5x2_ASAP7_75t_SL,7,291600,1.1806600610573376e-15,6.504960126108017e-9,2.4991512331817844e-11,2.261241367762512e-11
AO211x2_ASAP7_75t_SL,8,233280,1.0869899696731551e-15,1.1911799546737711e-8,1.88547684409901e-11,1.6889389192753512e-11
AO21x1_ASAP7_75t_SL,9,87480,6.930149876913604e-16,7.82018005907048e-9,1.4403865253309611e-11,1.4472929799058676e-11
AO21x2_ASAP7_75t_SL,9,102060,6.94580992792156e-16,1.0655700322104167e-8,1.3937605410074827e-11,1.3974438793640243e-11
AO221x1_ASAP7_75t_SL,10,145800,6.191849490307154e-16,6.975899857764034e-9,1.8463806872315303e-11,1.953725375924975e-11
AO221x2_ASAP7_75t_SL,10,160380,6.183270105342652e-16,9.811589762875883e-9,1.904303451039091e-11,1.9704885292903818e-11
AO222x2_ASAP7_75t_SL,11,174960,7.109900326837215e-16,9.342809192958157e-9,2.3636500742774125e-11,2.3722636702250277e-11
AO22x1_ASAP7_75t_SL,12,131220,5.048960110675543e-16,4.466569780703367e-9,1.509557409629103e-11,1.7138842428598977e-11
AO22x2_ASAP7_75t_SL,12,145800,7.071029984887715e-16,8.11695954894276e-9,1.4618497384821794e-11,1.487223538765292e-11
AO31x2_ASAP7_75t_SL,13,233280,1.351869983652902e-15,9.65459001633917e-9,1.8030075696340297e-11,1.4739444040290373e-11
AO322x2_ASAP7_75t_SL,14,218700,6.834329804151053e-16,8.040970556066895e-9,2.423802998585689e-11,2.423979766907891e-11
AO32x1_ASAP7_75t_SL,15,116640,6.046709865399538e-16,4.3888901402056035e-9,1.9247391874754882e-11,1.9987339908156265e-11
AO32x2_ASAP7_75t_SL,15,131220,6.106810029380782e-16,7.222990205946189e-9,2.0176554871298436e-11,2.0618192916876943e-11
AO331x1_ASAP7_75t_SL,16,145800,7.265949736105467e-16,8.074540147617881e-9,2.4133885861976623e-11,2.426748038630855e-11
AO331x2_ASAP7_75t_SL,16,160380,7.257890217612342e-16,1.0910400582986313e-8,2.4179828278514393e-11,2.4266727516319975e-11
AO332x1_ASAP7_75t_SL,17,160380,7.135519897118105e-16,5.536990421717292e-9,2.6144610781875244e-11,2.632262983970346e-11
AO332x2_ASAP7_75t_SL,17,174960,7.121629615574319e-16,8.371400461726353e-9,2.6046758500042344e-11,2.6162525271211656e-11
AO333x1_ASAP7_75t_SL,18,174960,7.107729804909876e-16,5.051649765164257e-9,2.8701792678664795e-11,2.883944472120703e-11
AO333x2_ASAP7_75t_SL,18,189540,7.090349747623402e-16,7.885819996999999e-9,2.8519834063822636e-11,2.860806036508734e-11
AO33x2_ASAP7_75t_SL,19,145800,6.276090093285146e-16,7.1451999872351735e-9,2.2826567025457933e-11,2.3391481460133257e-11
AOI211x1_ASAP7_75t_SL,20,174960,1.1440599791647161e-15,0.0,1.8425783468445367e-11,1.4426561507907554e-11
AOI211xp5_ASAP7_75t_SL,20,87480,6.18081000402647e-16,0.0,1.888116572812404e-11,2.1045521228502118e-11
AOI21x1_ASAP7_75t_SL,21,116640,1.354109962281916e-15,0.0,1.3571297731440612e-11,8.57173620277818e-12
AOI21xp33_ASAP7_75t_SL,21,72900,5.229370187506829e-16,0.0,1.4438530232530056e-11,1.9029359685229785e-11
AOI21xp5_ASAP7_75t_SL,21,72900,6.538400315182042e-16,0.0,1.3109620160267621e-11,1.3584720154335983e-11
AOI221x1_ASAP7_75t_SL,22,204120,1.0638799462567424e-15,0.0,2.0288295349280006e-11,1.5575363915276697e-11
AOI221xp5_ASAP7_75t_SL,23,102060,6.167920280151628e-16,0.0,1.8873444473932466e-11,2.1377984452120025e-11
AOI222xp33_ASAP7_75t_SL,24,145800,6.178760184294115e-16,0.0,2.1551630272065303e-11,2.2971015714579046e-11
AOI22x1_ASAP7_75t_SL,25,145800,1.4496200209857717e-15,0.0,1.4684451571378432e-11,9.948843832097154e-12
AOI22xp33_ASAP7_75t_SL,25,87480,5.046770001111299e-16,0.0,1.481729496044526e-11,2.006808087762213e-11
AOI22xp5_ASAP7_75t_SL,25,87480,7.050809720249979e-16,0.0,1.411932116363035e-11,1.483385636547041e-11
AOI311xp33_ASAP7_75t_SL,26,102060,6.756999931231472e-16,0.0,2.1979532777161026e-11,2.2193124074587622e-11
AOI31xp33_ASAP7_75t_SL,27,87480,5.964659901381382e-16,0.0,1.8952095101609778e-11,2.0945325335253173e-11
AOI31xp67_ASAP7_75t_SL,27,189540,1.3642000305078461e-15,0.0,2.0290446406390217e-11,1.2414237172964082e-11
AOI321xp33_ASAP7_75t_SL,28,116640,6.631550116578374e-16,0.0,2.2990864420591173e-11,2.3494015760627818e-11
AOI322xp5_ASAP7_75t_SL,29,131220,6.682540441211898e-16,0.0,2.4460647049528994e-11,2.4826189715110303e-11
AOI32xp33_ASAP7_75t_SL,30,102060,5.949320134706606e-16,0.0,2.0726764055067903e-11,2.2746082795066513e-11
AOI331xp33_ASAP7_75t_SL,31,131220,7.267240402558846e-16,0.0,2.513806003634489e-11,2.5543234194458364e-11
AOI332xp33_ASAP7_75t_SL,32,145800,7.114890409687727e-16,0.0,2.6782640341616037e-11,2.7256454038226963e-11
AOI333xp33_ASAP7_75t_SL,33,160380,7.111430280098193e-16,0.0,2.9972007514755816e-11,2.939283538783144e-11
AOI33xp33_ASAP7_75t_SL,34,116640,6.051499836716261e-16,0.0,2.1325018140228025e-11,2.4636060552696293e-11
BUFx10_ASAP7_75t_SL,35,204120,1.451270041167023e-15,3.5866399628048384e-8,1.109183231373656e-11,1.0238259025296959e-11
BUFx12_ASAP7_75t_SL,35,233280,1.4496699959296597e-15,4.153550037244713e-8,1.2354180178864027e-11,1.1598023756664855e-11
BUFx12f_ASAP7_75t_SL,35,262440,2.8323600145222384e-15,4.9057000239827175e-8,9.87551880549109e-12,7.783595816490685e-12
BUFx16f_ASAP7_75t_SL,35,320760,2.8315201813550357e-15,6.039489619524829e-8,1.0897987373637008e-11,9.299662602491043e-12
BUFx24_ASAP7_75t_SL,35,437400,2.842220113302989e-15,8.307029730758586e-8,1.3512263356829646e-11,1.2235097483770385e-11
BUFx2_ASAP7_75t_SL,35,72900,6.159470067711582e-16,8.176059829168025e-9,1.0224510474388104e-11,1.056005716898456e-11
BUFx3_ASAP7_75t_SL,35,87480,7.518680015368916e-16,1.2264099957803865e-8,9.409648407676663e-12,9.187253388609484e-12
BUFx4_ASAP7_75t_SL,35,102060,6.206750388036133e-16,1.3845099289255813e-8,1.3028228669498265e-11,1.3196276536786566e-11
BUFx4f_ASAP7_75t_SL,35,116640,1.1670599941771042e-15,1.6352199594393824e-8,9.823837056333051e-12,8.651714761276352e-12
BUFx5_ASAP7_75t_SL,35,116640,7.512220330354918e-16,1.7933199814024192e-8,1.129847170683318e-11,1.1153885107195727e-11
BUFx6f_ASAP7_75t_SL,35,145800,1.4463000753490085e-15,2.4528301167947575e-8,9.033881281927947e-12,7.707189920991286e-12
BUFx8_ASAP7_75t_SL,35,174960,1.015290007116618e-15,2.7690299830851473e-8,1.2289106364471447e-11,1.1845833342016832e-11
CKINVDCx10_ASAP7_75t_SL,36,349920,7.255919701339673e-15,0.0,8.720242410109602e-12,2.8651642690336043e-12
CKINVDCx11_ASAP7_75t_SL,36,379080,8.162959850709257e-15,0.0,9.147813583021414e-12,2.8893072830105115e-12
CKINVDCx12_ASAP7_75t_SL,36,379080,8.691749814185908e-15,0.0,9.091022205864885e-12,2.8874699940090176e-12
CKINVDCx14_ASAP7_75t_SL,36,408240,1.0085899976796601e-14,0.0,9.782035424732438e-12,3.03001308939177e-12
CKINVDCx16_ASAP7_75t_SL,36,437400,1.1477299823427559e-14,0.0,9.385492383273686e-12,2.8441177364613157e-12
CKINVDCx20_ASAP7_75t_SL,36,554040,1.435089975456924e-14,0.0,1.1075825152861984e-11,3.10669632380689e-12
CKINVDCx5p33_ASAP7_75t_SL,36,320760,4.3494900437118355e-15,0.0,8.57840187773462e-12,2.9614778511433126e-12
CKINVDCx6p67_ASAP7_75t_SL,36,349920,5.3231501814159175e-15,0.0,8.939670184671122e-12,3.075674263885997e-12
CKINVDCx8_ASAP7_75t_SL,36,320760,5.862460294097467e-15,0.0,8.177035437650915e-12,2.756405997547673e-12
CKINVDCx9p33_ASAP7_75t_SL,36,408240,7.313090190114602e-15,0.0,9.5661508228706e-12,3.0545798095776844e-12
DECAPx10_ASAP7_75t_SL,111,320760,NaN,NaN,NaN,NaN
DECAPx1_ASAP7_75t_SL,112,58320,NaN,NaN,NaN,NaN
DECAPx2_ASAP7_75t_SL,113,87480,NaN,NaN,NaN,NaN
DECAPx2b_ASAP7_75t_SL,114,87480,NaN,NaN,NaN,NaN
DECAPx4_ASAP7_75t_SL,115,145800,NaN,NaN,NaN,NaN
DECAPx6_ASAP7_75t_SL,116,204120,NaN,NaN,NaN,NaN
DFFASRHQNx1_ASAP7_75t_SL,43,379080,1.251860062416758e-15,1.861569920436068e-8,3.0546051799085205e-11,3.2119796405938317e-11
DFFHQNx1_ASAP7_75t_SL,44,291600,6.927779772848068e-16,1.6614499998013343e-8,2.8272389637762352e-11,2.963598810801216e-11
DFFHQNx2_ASAP7_75t_SL,44,306180,6.93031028377799e-16,1.945309868744971e-8,3.0163007508354767e-11,3.101712289788061e-11
DFFHQNx3_ASAP7_75t_SL,44,320760,6.931359545841401e-16,2.2291800405582762e-8,3.4449328806251955e-11,3.510548796104018e-11
DFFHQx4_ASAP7_75t_SL,45,364500,6.926259878103338e-16,3.041969875994255e-8,3.410353249799769e-11,3.445816201819163e-11
DFFLQNx1_ASAP7_75t_SL,46,291600,6.927470076426728e-16,1.3561700207276317e-8,2.7954387069040187e-11,2.932409523537238e-11
DFFLQNx2_ASAP7_75t_SL,46,306180,6.928520397281323e-16,1.6396800361917485e-8,3.010385343782396e-11,3.093155245825763e-11
DFFLQNx3_ASAP7_75t_SL,46,320760,6.928110115697497e-16,1.923199910436324e-8,3.47306211567755e-11,3.5361776007380996e-11
DFFLQx4_ASAP7_75t_SL,47,364500,6.926210114917687e-16,2.8117499439872518e-8,3.428798217575135e-11,3.4586302571915084e-11
DHLx1_ASAP7_75t_SL,48,218700,6.879600538808243e-16,1.0624900070865806e-8,2.143345396998786e-11,2.2633840982000386e-11
DHLx2_ASAP7_75t_SL,48,233280,6.867629845681172e-16,1.3462099879291145e-8,2.107258985362126e-11,2.1764090529785562e-11
DHLx3_ASAP7_75t_SL,48,247860,6.866809811909111e-16,1.629940094005633e-8,2.2601814517186902e-11,2.3105623317420942e-11
DLLx1_ASAP7_75t_SL,49,218700,6.943619818357315e-16,1.2249099512473549e-8,2.349663172362959e-11,2.4611628707260635e-11
DLLx2_ASAP7_75t_SL,49,233280,6.944130155708036e-16,1.5084699711565008e-8,2.3580843874770885e-11,2.4250653568591574e-11
DLLx3_ASAP7_75t_SL,49,247860,6.913319861647253e-16,1.7920401162996313e-8,2.4835166909098483e-11,2.5345140916566145e-11
FAx1_ASAP7_75t_SL,50,204120,2.4800099785739736e-15,0.0,5.222783316938262e-11,2.413478791818413e-11
FILLER_ASAP7_75t_SL,117,29160,NaN,NaN,NaN,NaN
FILLERxp5_ASAP7_75t_SL,118,14580,NaN,NaN,NaN,NaN
HAxp5_ASAP7_75t_SL,53,131220,1.204980071038903e-15,0.0,2.600074842928901e-11,1.8173223342854428e-11
HB1xp67_ASAP7_75t_SL,35,58320,3.5747799988072187e-16,3.1431799385472914e-9,1.1599953636531879e-11,1.5773103309579817e-11
HB2xp67_ASAP7_75t_SL,35,72900,5.624660346957913e-16,2.297560142139332e-9,2.010111348205168e-11,2.164068403642805e-11
HB3xp67_ASAP7_75t_SL,35,87480,7.306640140100379e-16,2.1358199653320753e-9,3.013161942178044e-11,2.9504496068533115e-11
HB4xp67_ASAP7_75t_SL,35,102060,8.949750120688937e-16,2.067290116869458e-9,4.113919621628881e-11,3.835948572672443e-11
ICGx1_ASAP7_75t_SL,54,262440,2.5922200329867766e-15,1.8197599871427883e-8,9.58428215264151e-12,1.1075814744521129e-11
ICGx2_ASAP7_75t_SL,54,277020,2.5875598694692203e-15,2.1031500097024036e-8,8.1992303571643e-12,9.044817846082243e-12
ICGx2p67DC_ASAP7_75t_SL,54,699840,7.069550006570625e-15,3.40421024702664e-8,2.7746416275675756e-11,7.856973752162766e-12
ICGx3_ASAP7_75t_SL,54,291600,2.5877199586962513e-15,2.3865300846637183e-8,8.434861316353182e-12,9.05604237433355e-12
ICGx4DC_ASAP7_75t_SL,54,699840,7.0714897120198374e-15,3.7820498732799024e-8,2.0695755872934818e-11,7.227210149785002e-12
ICGx4_ASAP7_75t_SL,54,306180,2.586790128278403e-15,2.669909981989349e-8,8.999782689922409e-12,9.507333288694131e-12
ICGx5_ASAP7_75t_SL,54,320760,2.585809899400193e-15,2.9532900569506637e-8,9.938485798222096e-12,1.036105402862919e-11
ICGx5p33DC_ASAP7_75t_SL,54,699840,7.075009980948626e-15,4.159900157674201e-8,1.7190287388002545e-11,6.8701507156820885e-12
ICGx6p67DC_ASAP7_75t_SL,54,699840,7.073080016378307e-15,4.5377397839274636e-8,1.5296663241626263e-11,6.836675756766164e-12
ICGx8DC_ASAP7_75t_SL,54,699840,7.0659098824798e-15,4.9155897130503945e-8,1.4084107144429758e-11,6.849525720914462e-12
INVx11_ASAP7_75t_SL,36,189540,7.659220039614705e-15,0.0,8.288612851625743e-12,2.741841476083806e-12
INVx13_ASAP7_75t_SL,36,218700,9.032360397001702e-15,0.0,8.841075441190505e-12,3.003530800807508e-12
INVx1_ASAP7_75t_SL,36,43740,7.413690281556746e-16,0.0,7.423662379268947e-12,6.955020327020778e-12
INVx2_ASAP7_75t_SL,36,58320,1.4358700292738742e-15,0.0,7.044074091383523e-12,4.062568857710058e-12
INVx3_ASAP7_75t_SL,36,72900,2.1301999826762877e-15,0.0,7.15533318360051e-12,3.391383961853789e-12
INVx4_ASAP7_75t_SL,36,87480,2.822010118939738e-15,0.0,7.082914983691513e-12,2.9616788622260914e-12
INVx5_ASAP7_75t_SL,36,102060,3.5164498689879394e-15,0.0,7.24205634697328e-12,2.7575840916282957e-12
INVx6_ASAP7_75t_SL,36,116640,4.208199865912135e-15,0.0,7.371662308353066e-12,2.752914216030966e-12
INVx8_ASAP7_75t_SL,36,145800,5.5749997581724595e-15,0.0,7.58354750524104e-12,2.682215777607966e-12
INVxp33_ASAP7_75t_SL,36,43740,3.161270160660694e-16,0.0,9.521740167162118e-12,1.874185008576834e-11
INVxp67_ASAP7_75t_SL,36,43740,5.239629874080446e-16,0.0,7.949634873993805e-12,1.0001067682341436e-11
MAJIxp5_ASAP7_75t_SL,55,102060,1.3631098991047298e-15,0.0,1.628260200281506e-11,1.5777846043563137e-11
MAJx2_ASAP7_75t_SL,56,131220,1.3692899573670156e-15,8.735660195213768e-9,1.5986758791775024e-11,1.579748137858772e-11
MAJx3_ASAP7_75t_SL,56,145800,1.3726799949801641e-15,1.1570000069127673e-8,1.751908687563919e-11,1.7369418403578862e-11
NAND2x1_ASAP7_75t_SL,57,87480,1.1768000260375814e-15,0.0,1.330682092293145e-11,9.132862868743707e-12
NAND2x1p5_ASAP7_75t_SL,57,116640,1.812899958327169e-15,0.0,1.2024240110541928e-11,6.334358385040595e-12
NAND2x2_ASAP7_75t_SL,57,145800,2.4091899773705152e-15,0.0,1.3125680230208214e-11,6.113125197021452e-12
NAND2xp33_ASAP7_75t_SL,57,58320,4.0828499482072533e-16,0.0,1.307128450617201e-11,2.021515246863892e-11
NAND2xp5_ASAP7_75t_SL,57,58320,6.259530069770733e-16,0.0,9.83983033941982e-12,1.0930339099102238e-11
NAND2xp67_ASAP7_75t_SL,57,87480,8.838769746357311e-16,0.0,1.4924608424116137e-11,1.2400439182436163e-11
NAND3x1_ASAP7_75t_SL,58,160380,1.5400499995884697e-15,0.0,1.9240910947848633e-11,1.1887222109430162e-11
NAND3x2_ASAP7_75t_SL,58,291600,3.134030163412147e-15,0.0,1.9754933799909224e-11,9.060030503604821e-12
NAND3xp33_ASAP7_75t_SL,58,72900,6.188349656048218e-16,0.0,1.461765777865942e-11,1.572213192968519e-11
NAND4xp25_ASAP7_75t_SL,59,87480,6.170889660027346e-16,0.0,1.9891869401655882e-11,2.134263772657352e-11
NAND4xp75_ASAP7_75t_SL,59,204120,1.7936200061400035e-15,0.0,2.031661297530185e-11,1.184091887040939e-11
NAND5xp2_ASAP7_75t_SL,60,102060,6.117370412650675e-16,0.0,2.5025412297985383e-11,2.6937651761982373e-11
NOR2x1_ASAP7_75t_SL,61,87480,1.1971900149021237e-15,0.0,1.2180867425826136e-11,8.359773810695525e-12
NOR2x1p5_ASAP7_75t_SL,61,116640,1.813960020060658e-15,0.0,1.2071890362341797e-11,6.406523749002968e-12
NOR2x2_ASAP7_75t_SL,61,145800,2.4135399150711397e-15,0.0,1.1936980917615081e-11,5.800408764411458e-12
NOR2xp33_ASAP7_75t_SL,61,58320,4.0981100408454276e-16,0.0,1.2022627685071008e-11,1.845195524152743e-11
NOR2xp67_ASAP7_75t_SL,61,87480,8.829249625425765e-16,0.0,1.3561663944616775e-11,1.1276158826123428e-11
NOR3x1_ASAP7_75t_SL,62,160380,1.5554700226349974e-15,0.0,1.7488566150802853e-11,1.0785876532193317e-11
NOR3x2_ASAP7_75t_SL,62,291600,3.1399699819547678e-15,0.0,1.7861125772844488e-11,8.1083030914475e-12
NOR3xp33_ASAP7_75t_SL,62,72900,6.176020032709747e-16,0.0,1.8457438702434992e-11,1.9904092263267614e-11
NOR4xp25_ASAP7_75t_SL,63,87480,6.164519972263994e-16,0.0,2.580909271021614e-11,2.7727944940103555e-11
NOR4xp75_ASAP7_75t_SL,63,204120,1.791349957841362e-15,0.0,2.6061802022026015e-11,1.503797260327122e-11
NOR5xp2_ASAP7_75t_SL,64,102060,6.146669811691794e-16,0.0,3.3186314807309714e-11,3.5629953848426155e-11
O2A1O1Ixp33_ASAP7_75t_SL,65,87480,6.783419947647517e-16,0.0,2.0141385087546482e-11,2.071070398512731e-11
O2A1O1Ixp5_ASAP7_75t_SL,66,116640,1.0688400653167452e-15,0.0,2.0542732445671952e-11,1.5288421570391897e-11
OA211x2_ASAP7_75t_SL,67,116640,6.190790169727494e-16,6.503609650820863e-9,2.107130442352556e-11,2.1639580752297327e-11
OA21x2_ASAP7_75t_SL,68,102060,7.063320396880925e-16,7.1438197579709595e-9,1.3291636888346225e-11,1.3337914106514859e-11
OA221x2_ASAP7_75t_SL,69,233280,1.1159300149864008e-15,8.117959637843342e-9,2.2348744382894026e-11,2.041711244515909e-11
OA222x2_ASAP7_75t_SL,70,174960,7.110409605396752e-16,7.14597980788767e-9,2.182603056621879e-11,2.1660583049420978e-11
OA22x2_ASAP7_75t_SL,71,145800,7.074829986447335e-16,8.116990635187449e-9,1.456329848381621e-11,1.464311137622243e-11
OA31x2_ASAP7_75t_SL,72,218700,1.2453001098776287e-15,7.268470270105354e-9,1.9551613800183887e-11,1.7680419628351984e-11
OA331x1_ASAP7_75t_SL,73,145800,7.279980307481142e-16,4.412779919249488e-9,2.3446944039107187e-11,2.362995736582274e-11
OA331x2_ASAP7_75t_SL,73,160380,7.261239703523141e-16,7.2466099787504845e-9,2.3531244661145756e-11,2.3649044528228913e-11
OA332x1_ASAP7_75t_SL,74,160380,7.131290026337754e-16,4.8421600062908965e-9,2.5271253839553864e-11,2.5452992144514575e-11
OA332x2_ASAP7_75t_SL,74,174960,7.124600054241221e-16,7.676169921921883e-9,2.5202950837410754e-11,2.531834984720316e-11
OA333x1_ASAP7_75t_SL,75,174960,7.12879022035217e-16,5.0516000271727535e-9,2.786373388963259e-11,2.755386196984233e-11
OA333x2_ASAP7_75t_SL,75,189540,7.130400112347545e-16,7.885740060942226e-9,2.747273068759437e-11,2.727399556201604e-11
OA33x2_ASAP7_75t_SL,76,145800,7.06227007602633e-16,9.342699947012534e-9,2.2235595309449963e-11,2.248910085933531e-11
OAI211xp5_ASAP7_75t_SL,77,87480,6.184840292668625e-16,0.0,1.7971383062254098e-11,2.0256376437322032e-11
OAI21x1_ASAP7_75t_SL,78,116640,1.4945000616960408e-15,0.0,1.3683320101987029e-11,8.623156008691346e-12
OAI21xp33_ASAP7_75t_SL,78,72900,5.049309511766286e-16,0.0,1.4227477702910551e-11,1.880168069845478e-11
OAI21xp5_ASAP7_75t_SL,78,72900,7.058809946436796e-16,0.0,1.3320766364954828e-11,1.3496036753435359e-11
OAI221xp5_ASAP7_75t_SL,79,102060,6.161400244040138e-16,0.0,2.0424181443323697e-11,2.2951255479464194e-11
OAI222xp33_ASAP7_75t_SL,80,145800,7.123219919932789e-16,0.0,2.0576495368684888e-11,2.0095699410083157e-11
OAI22x1_ASAP7_75t_SL,81,145800,1.4508500187043034e-15,0.0,1.4521234041608988e-11,9.808061481042518e-12
OAI22xp33_ASAP7_75t_SL,81,87480,5.272639806826131e-16,0.0,1.596545638749003e-11,2.003660952432096e-11
OAI22xp5_ASAP7_75t_SL,81,87480,7.059869796412048e-16,0.0,1.4405849776966129e-11,1.464542549733938e-11
OAI311xp33_ASAP7_75t_SL,82,102060,6.776660095332836e-16,0.0,2.2135715135873646e-11,2.2266549715155293e-11
OAI31xp33_ASAP7_75t_SL,83,87480,5.972319726202521e-16,0.0,1.784992292863663e-11,1.9723975924756942e-11
OAI31xp67_ASAP7_75t_SL,83,189540,1.359150020076316e-15,0.0,2.2331086632632058e-11,1.3446725503907242e-11
OAI321xp33_ASAP7_75t_SL,84,116640,6.65485993389122e-16,0.0,2.3285701492015143e-11,2.3680547106552652e-11
OAI322xp33_ASAP7_75t_SL,85,131220,6.6978595614585845e-16,0.0,2.552362141083897e-11,2.5836152661717904e-11
OAI32xp33_ASAP7_75t_SL,86,102060,5.810890069532428e-16,0.0,1.9058808350957968e-11,2.1288549048592564e-11
OAI331xp33_ASAP7_75t_SL,87,131220,7.269120286306158e-16,0.0,2.4768147602327595e-11,2.516743584368708e-11
OAI332xp33_ASAP7_75t_SL,88,145800,7.110829945496827e-16,0.0,2.6329801186553148e-11,2.6735866992533275e-11
OAI333xp33_ASAP7_75t_SL,89,160380,7.105460286006826e-16,0.0,2.918620553571394e-11,2.8602190060844634e-11
OAI33xp33_ASAP7_75t_SL,90,116640,6.044240234962699e-16,0.0,1.893404877328919e-11,2.2199153973390118e-11
OR2x2_ASAP7_75t_SL,91,87480,6.215069839764947e-16,1.0686499685164108e-8,1.2374347206633995e-11,1.2767140643299424e-11
OR2x4_ASAP7_75t_SL,91,116640,6.215200071080587e-16,1.635869928406919e-8,1.5822301802081995e-11,1.6041820649626004e-11
OR2x6_ASAP7_75t_SL,91,174960,1.2184799762731237e-15,2.704540058573457e-8,1.3611496478549423e-11,1.2541821747813486e-11
OR3x1_ASAP7_75t_SL,92,87480,7.134820036145437e-16,1.4122799818494514e-8,1.815149072714739e-11,1.788349503206721e-11
OR3x2_ASAP7_75t_SL,92,102060,7.134359991375959e-16,1.696480111945675e-8,1.8735485385334982e-11,1.8565716672358512e-11
OR3x4_ASAP7_75t_SL,92,131220,7.131410199137146e-16,2.2648899644650555e-8,2.4062385764467287e-11,2.3969676937740658e-11
OR4x1_ASAP7_75t_SL,93,102060,7.146279862526195e-16,1.7888698522483537e-8,2.2857235201789727e-11,2.2551892644995242e-11
OR4x2_ASAP7_75t_SL,93,116640,7.154570197497447e-16,2.0737299877282567e-8,2.4201397830214688e-11,2.4006545015775593e-11
OR5x1_ASAP7_75t_SL,94,116640,6.165750287619881e-16,1.5383500695520524e-8,2.6620655332876275e-11,2.7325039800296658e-11
OR5x2_ASAP7_75t_SL,94,131220,6.167599995818447e-16,1.8232698906217593e-8,2.8899427989559356e-11,2.9344311702761416e-11
SDFHx1_ASAP7_75t_SL,95,364500,1.2445199925332075e-15,1.9063199019342392e-8,2.888162278780193e-11,3.0234842407494966e-11
SDFHx2_ASAP7_75t_SL,95,379080,1.2440299839732208e-15,2.1901801261492437e-8,3.027062975280437e-11,3.118224081721799e-11
SDFHx3_ASAP7_75t_SL,95,393660,1.2445199925332075e-15,2.474049942691181e-8,3.446496560366441e-11,3.516528040981015e-11
SDFHx4_ASAP7_75t_SL,95,451980,1.4576499992048609e-15,4.3717498954265466e-8,2.463349142722837e-11,2.4434175169285588e-11
SDFLx1_ASAP7_75t_SL,96,364500,1.6131600602439485e-15,1.7326199142075893e-8,2.7939595081960533e-11,2.957761466304554e-11
SDFLx2_ASAP7_75t_SL,96,379080,1.6199200184377482e-15,2.016130018489548e-8,3.0104006093489843e-11,3.1081096030227684e-11
SDFLx3_ASAP7_75t_SL,96,393660,1.6197899988803447e-15,2.2996500703698075e-8,3.4662436115828754e-11,3.541184706579159e-11
SDFLx4_ASAP7_75t_SL,96,451980,1.4565900433504905e-15,3.502519874132304e-8,2.364844257918275e-11,2.343044161468022e-11
TAPCELL_ASAP7_75t_SL,119,29160,NaN,NaN,NaN,NaN
TAPCELL_WITH_FILLER_ASAP7_75t_SL,120,43740,NaN,NaN,NaN,NaN
TIEHIx1_ASAP7_75t_SL,99,43740,None,1.6455299579540283e-12,None,None
TIELOx1_ASAP7_75t_SL,100,43740,None,3.5058199832765924e-12,None,None
XNOR2x1_ASAP7_75t_SL,101,174960,1.8882001285468923e-15,0.0,1.9593632272218997e-11,1.2837622458128362e-11
XNOR2x2_ASAP7_75t_SL,101,160380,1.1958899252072067e-15,0.0,2.146158771532125e-11,1.9061535336262203e-11
XNOR2xp5_ASAP7_75t_SL,101,131220,1.1997300549527025e-15,0.0,2.2985020137200607e-11,1.663551067732083e-11
XOR2x1_ASAP7_75t_SL,102,174960,1.884399915229036e-15,1.3196900461309724e-8,2.2201969429591628e-11,1.342878499371869e-11
XOR2x2_ASAP7_75t_SL,102,160380,1.194939977756861e-15,1.4137599535501977e-8,2.0006300435748692e-11,1.851590755719279e-11
XOR2xp5_ASAP7_75t_SL,102,131220,1.207290035765184e-15,7.851070016329231e-9,2.6444469877762167e-11,1.8568707335631096e-11
fakeram_64x20,121,59584000,2.499999956129175e-14,0.00012889999197795987,2.1799999305738282e-10,2.1799999305738282e-10
A2O1A1Ixp33_ASAP7_75t_SRAM,2,87480,5.838440345537466e-16,0.0,2.4749079521879658e-11,2.8793164033591445e-11
A2O1A1O1Ixp25_ASAP7_75t_SRAM,3,131220,6.318659851631779e-16,0.0,2.913289401385022e-11,3.527510575307424e-11
AND2x2_ASAP7_75t_SRAM,4,87480,5.401279759316825e-16,3.785060112559968e-11,1.720983945630028e-11,1.873423985387923e-11
AND2x4_ASAP7_75t_SRAM,4,145800,1.0435299796989579e-15,7.570120225119936e-11,1.692705003941697e-11,1.5508183279222543e-11
AND2x6_ASAP7_75t_SRAM,4,174960,1.0414600429341052e-15,8.40802011348174e-11,1.9257880012890638e-11,1.8304739668462133e-11
AND3x1_ASAP7_75t_SRAM,5,87480,6.092970040418239e-16,3.392929687207058e-11,2.603925755573222e-11,2.7099161456489718e-11
AND3x2_ASAP7_75t_SRAM,5,102060,6.078680065202467e-16,3.811879978332655e-11,2.6731132932167334e-11,2.7450135914319773e-11
AND3x4_ASAP7_75t_SRAM,5,204120,1.0174000720673468e-15,5.268470035235673e-11,2.5236450082455342e-11,2.3667347595623944e-11
AND4x1_ASAP7_75t_SRAM,6,102060,6.136429712755081e-16,3.4104198631812466e-11,3.252624211635968e-11,3.363085157581658e-11
AND4x2_ASAP7_75t_SRAM,6,116640,6.121109533717211e-16,2.6824499219091358e-11,3.390256825275273e-11,3.4674547955138024e-11
AND5x1_ASAP7_75t_SRAM,7,116640,5.291479937155434e-16,3.3951699091039345e-11,3.8993107354112766e-11,4.097346420484094e-11
AND5x2_ASAP7_75t_SRAM,7,291600,1.0184799331959776e-15,4.462449854081285e-11,3.889166072523764e-11,3.649439084263406e-11
AO211x2_ASAP7_75t_SRAM,8,233280,9.363759708274342e-16,7.102510246603799e-11,2.7788913531390236e-11,2.6046033385629386e-11
AO21x1_ASAP7_75t_SRAM,9,87480,5.885649726852685e-16,5.212130033127593e-11,2.174119217990267e-11,2.325973268157977e-11
AO21x2_ASAP7_75t_SRAM,9,102060,5.905460239302187e-16,5.631079977308495e-11,2.2166398924716724e-11,2.314952222970401e-11
AO221x1_ASAP7_75t_SRAM,10,145800,5.343430055997317e-16,5.6230499423381985e-11,2.8783107841601208e-11,3.1531329630629656e-11
AO221x2_ASAP7_75t_SRAM,10,160380,5.340640141227298e-16,6.041999539574405e-11,3.0858718358395265e-11,3.2758570162050304e-11
AO222x2_ASAP7_75t_SRAM,11,174960,6.074139968605184e-16,8.573439874703936e-11,3.7893140014677584e-11,3.908162682364491e-11
AO22x1_ASAP7_75t_SRAM,12,131220,4.3558698429309957e-16,3.602509957012501e-11,2.317422122255497e-11,2.7188792883769963e-11
AO22x2_ASAP7_75t_SRAM,12,145800,6.034659762933661e-16,5.6126200909112356e-11,2.2714380723543037e-11,2.402459134409618e-11
AO31x2_ASAP7_75t_SRAM,13,233280,1.1462099605430843e-15,5.7411499165826996e-11,2.479209372518998e-11,2.140446153653386e-11
AO322x2_ASAP7_75t_SRAM,14,218700,5.804259919137795e-16,7.021659642614253e-11,3.905412104820982e-11,4.00809108125344e-11
AO32x1_ASAP7_75t_SRAM,15,116640,5.161539789090704e-16,4.199050135378357e-11,2.9022633254993657e-11,3.1294866004172306e-11
AO32x2_ASAP7_75t_SRAM,15,131220,5.220959679736186e-16,4.618549986901144e-11,3.177266436060755e-11,3.327101788519471e-11
AO331x1_ASAP7_75t_SRAM,16,145800,6.22189004317712e-16,7.051799422175264e-11,3.635000633828156e-11,3.804356829562039e-11
AO331x2_ASAP7_75t_SRAM,16,160380,6.214690263125458e-16,7.471299967587441e-11,3.793832956122678e-11,3.908674078845209e-11
AO332x1_ASAP7_75t_SRAM,17,160380,6.092900160200091e-16,7.033329474381844e-11,3.9187337402823985e-11,4.0950142582429905e-11
AO332x2_ASAP7_75t_SRAM,17,174960,6.087589793016398e-16,7.452839734245487e-11,4.071424447582572e-11,4.1916293352928236e-11
AO333x1_ASAP7_75t_SRAM,18,174960,6.057690059373913e-16,7.046489780559995e-11,4.327629921085929e-11,4.5034188184134294e-11
AO333x2_ASAP7_75t_SRAM,18,189540,6.052910146573439e-16,7.465989632082781e-11,4.4790109121617405e-11,4.601427225359167e-11
AO33x2_ASAP7_75t_SRAM,19,145800,5.391209596365156e-16,5.597949881419595e-11,3.564605555173017e-11,3.7373368289017606e-11
AOI211x1_ASAP7_75t_SRAM,20,174960,9.970090244116204e-16,0.0,2.6631474803195943e-11,2.3196708442974057e-11
AOI211xp5_ASAP7_75t_SRAM,20,87480,5.351860151404865e-16,0.0,2.6795796484457846e-11,3.3361282486543686e-11
AOI21x1_ASAP7_75t_SRAM,21,116640,1.1680300586599471e-15,0.0,1.8528503384351858e-11,1.3132985150765553e-11
AOI21xp33_ASAP7_75t_SRAM,21,72900,4.545359848259051e-16,0.0,2.024132077227403e-11,3.00466526659271e-11
AOI21xp5_ASAP7_75t_SRAM,21,72900,5.645930403054653e-16,0.0,1.77812313484349e-11,2.1152440909943948e-11
AOI221x1_ASAP7_75t_SRAM,22,204120,9.163870520634168e-16,0.0,2.946652297164398e-11,2.467647267079265e-11
AOI221xp5_ASAP7_75t_SRAM,23,102060,5.32398006194599e-16,0.0,2.6344428374902584e-11,3.3663342946521624e-11
AOI222xp33_ASAP7_75t_SRAM,24,145800,5.340179567062228e-16,0.0,3.0629658531733384e-11,3.5955852878410965e-11
AOI22x1_ASAP7_75t_SRAM,25,145800,1.2433100059680547e-15,0.0,1.996126874903581e-11,1.4956601929183577e-11
AOI22xp33_ASAP7_75t_SRAM,25,87480,4.3548700793554396e-16,0.0,2.0163568731357273e-11,3.114979454932332e-11
AOI22xp5_ASAP7_75t_SRAM,25,87480,6.018029859201099e-16,0.0,1.8974224968992814e-11,2.278072522288177e-11
AOI311xp33_ASAP7_75t_SRAM,26,102060,5.733219795247169e-16,0.0,3.047037622216919e-11,3.4730222170376024e-11
AOI31xp33_ASAP7_75t_SRAM,27,87480,5.089700277856107e-16,0.0,2.5913894294293804e-11,3.242569060479816e-11
AOI31xp67_ASAP7_75t_SRAM,27,189540,1.1592700439194432e-15,0.0,2.4892306965673683e-11,1.699860391335406e-11
AOI321xp33_ASAP7_75t_SRAM,28,116640,5.614150256269264e-16,0.0,3.187206401578102e-11,3.6579052287155633e-11
AOI322xp5_ASAP7_75t_SRAM,29,131220,5.656260499242011e-16,0.0,3.3823849970859854e-11,3.8333745899787885e-11
AOI32xp33_ASAP7_75t_SRAM,30,102060,5.068470455824362e-16,0.0,2.8381288638690272e-11,3.491707270542044e-11
AOI331xp33_ASAP7_75t_SRAM,31,131220,6.243870018762777e-16,0.0,3.4844360036201394e-11,3.9426906184303334e-11
AOI332xp33_ASAP7_75t_SRAM,32,145800,6.076860003157054e-16,0.0,3.7103750627487386e-11,4.1823391971895774e-11
AOI333xp33_ASAP7_75t_SRAM,33,160380,6.068560139065146e-16,0.0,4.209098347640605e-11,4.4846886620986126e-11
AOI33xp33_ASAP7_75t_SRAM,34,116640,5.164539873910761e-16,0.0,2.8669996932073616e-11,3.737805204240274e-11
BUFx10_ASAP7_75t_SRAM,35,204120,1.2429099946587138e-15,7.854220052117e-11,1.6805350513959816e-11,1.5816334353324635e-11
BUFx12_ASAP7_75t_SRAM,35,233280,1.2410800858552893e-15,8.69213034881966e-11,1.8553464320447688e-11,1.7627194842662064e-11
BUFx12f_ASAP7_75t_SRAM,35,262440,2.4156200162313594e-15,1.235690022527436e-10,1.4145884116856244e-11,1.1700643925971477e-11
BUFx16f_ASAP7_75t_SRAM,35,320760,2.419680056905786e-15,1.4032700001997966e-10,1.5885655638148144e-11,1.409351021303129e-11
BUFx24_ASAP7_75t_SRAM,35,437400,2.422359857392662e-15,1.7384299555445182e-10,1.9801906642191724e-11,1.8431004986108057e-11
BUFx2_ASAP7_75t_SRAM,35,72900,5.46575008391031e-16,2.8242901073394222e-11,1.5701729846884227e-11,1.6687876774890142e-11
BUFx3_ASAP7_75t_SRAM,35,87480,6.482660253296789e-16,4.2361301966220566e-11,1.4313812288224703e-11,1.4503990890257779e-11
BUFx4_ASAP7_75t_SRAM,35,102060,5.510460188635536e-16,3.662189995701226e-11,2.048089302320033e-11,2.1048754753061338e-11
BUFx4f_ASAP7_75t_SRAM,35,116640,1.028229917693585e-15,4.119340285546613e-11,1.4561726824346977e-11,1.3325319146717529e-11
BUFx5_ASAP7_75t_SRAM,35,116640,6.472600148861368e-16,5.074029738039165e-11,1.736981565525486e-11,1.7495709742076926e-11
BUFx6f_ASAP7_75t_SRAM,35,145800,1.2421400417096597e-15,6.178419581504002e-11,1.3378510972661406e-11,1.1910089234290488e-11
BUFx8_ASAP7_75t_SRAM,35,174960,8.759880274023597e-16,5.7951501236663816e-11,1.844663831407356e-11,1.8015085950784382e-11
CKINVDCx10_ASAP7_75t_SRAM,36,349920,6.223559756874395e-15,0.0,1.031503441689674e-11,3.1122597988347822e-12
CKINVDCx11_ASAP7_75t_SRAM,36,379080,7.044119959911683e-15,0.0,1.0908086933714145e-11,3.2369330740106284e-12
CKINVDCx12_ASAP7_75t_SRAM,36,379080,7.4399901251734e-15,0.0,1.0637979212801962e-11,3.2264885208022065e-12
CKINVDCx14_ASAP7_75t_SRAM,36,408240,8.647979386636542e-15,0.0,1.1279323829105348e-11,3.391706837260755e-12
CKINVDCx16_ASAP7_75t_SRAM,36,437400,9.834840258263373e-15,0.0,1.0989356993840182e-11,3.12270174995799e-12
CKINVDCx20_ASAP7_75t_SRAM,36,554040,1.2302200646803051e-14,0.0,1.2477514681197288e-11,3.5858863621507364e-12
CKINVDCx5p33_ASAP7_75t_SRAM,36,320760,3.798719998770409e-15,0.0,1.0912691757181125e-11,3.737500326589371e-12
CKINVDCx6p67_ASAP7_75t_SRAM,36,349920,4.638599752785147e-15,0.0,1.1164105230554444e-11,3.466921628253461e-12
CKINVDCx8_ASAP7_75t_SRAM,36,320760,5.036749707224399e-15,0.0,1.0027202158868764e-11,3.1290480189544168e-12
CKINVDCx9p33_ASAP7_75t_SRAM,36,408240,6.3528699241846044e-15,0.0,1.1517064212041017e-11,3.5189203981267347e-12
DECAPx10_ASAP7_75t_SRAM,122,320760,NaN,NaN,NaN,NaN
DECAPx1_ASAP7_75t_SRAM,123,58320,NaN,NaN,NaN,NaN
DECAPx2_ASAP7_75t_SRAM,124,87480,NaN,NaN,NaN,NaN
DECAPx2b_ASAP7_75t_SRAM,125,87480,NaN,NaN,NaN,NaN
DECAPx4_ASAP7_75t_SRAM,126,145800,NaN,NaN,NaN,NaN
DECAPx6_ASAP7_75t_SRAM,127,204120,NaN,NaN,NaN,NaN
DFFASRHQNx1_ASAP7_75t_SRAM,43,379080,1.0985899800066844e-15,9.683650409320066e-11,5.210724907112052e-11,5.6594010727772925e-11
DFFHQNx1_ASAP7_75t_SRAM,44,291600,5.683370318114477e-16,6.763749976768096e-11,4.5277063348558855e-11,4.9099894289250656e-11
DFFHQNx2_ASAP7_75t_SRAM,44,306180,5.685170263127393e-16,7.182709982345159e-11,5.101120914563495e-11,5.3761946283703566e-11
DFFHQNx3_ASAP7_75t_SRAM,44,320760,5.6859500628344585e-16,7.601660273470756e-11,5.891005738778432e-11,6.120368795103914e-11
DFFHQx4_ASAP7_75t_SRAM,45,364500,5.682150061274839e-16,1.0936399702510258e-10,5.907912353775302e-11,6.004320651786799e-11
DFFLQNx1_ASAP7_75t_SRAM,46,291600,5.677339972925619e-16,4.94912999471353e-11,5.073021169810232e-11,5.440162209602306e-11
DFFLQNx2_ASAP7_75t_SRAM,46,306180,5.678110243512028e-16,5.368090000290593e-11,5.440343314733198e-11,5.706366282276498e-11
DFFLQNx3_ASAP7_75t_SRAM,46,320760,5.677380206990613e-16,5.787039944471495e-11,6.139375813285497e-11,6.362917831514991e-11
DFFLQx4_ASAP7_75t_SRAM,47,364500,5.678340001198971e-16,1.1012499939733189e-10,6.257705464918217e-11,6.3315346021664e-11
DHLx1_ASAP7_75t_SRAM,48,218700,5.686240171618893e-16,5.343590153694677e-11,3.3706586133330774e-11,3.6467492220415565e-11
DHLx2_ASAP7_75t_SRAM,48,233280,5.686190408433242e-16,5.762540097875579e-11,3.3367551777185867e-11,3.513776769548116e-11
DHLx3_ASAP7_75t_SRAM,48,247860,5.677180095456824e-16,6.179849687537597e-11,3.5481312332663606e-11,3.688322910977426e-11
DLLx1_ASAP7_75t_SRAM,49,218700,5.752170039859616e-16,5.2087896496022523e-11,3.869945336409941e-11,4.136856135428246e-11
DLLx2_ASAP7_75t_SRAM,49,233280,5.748200102314953e-16,5.6266498404955456e-11,3.948037036183294e-11,4.120093155535187e-11
DLLx3_ASAP7_75t_SRAM,49,247860,5.716829707717798e-16,6.046699946304912e-11,4.161209224418094e-11,4.305202722099111e-11
FAx1_ASAP7_75t_SRAM,50,204120,2.0741600711277064e-15,0.0,8.064784950967407e-11,4.161821234860419e-11
FILLER_ASAP7_75t_SRAM,128,29160,NaN,NaN,NaN,NaN
FILLERxp5_ASAP7_75t_SRAM,129,14580,NaN,NaN,NaN,NaN
HAxp5_ASAP7_75t_SRAM,53,131220,1.011749938792687e-15,0.0,3.942517146082736e-11,3.084642263839754e-11
HB1xp67_ASAP7_75t_SRAM,35,58320,3.230780066592546e-16,1.2729900467078892e-11,1.744387967406169e-11,2.3812757321550748e-11
HB2xp67_ASAP7_75t_SRAM,35,72900,4.876520084482329e-16,1.2668499929646693e-11,3.186402183774639e-11,3.569656029100976e-11
HB3xp67_ASAP7_75t_SRAM,35,87480,6.167820224384734e-16,1.2712600069852975e-11,4.781996673641764e-11,4.93127309819652e-11
HB4xp67_ASAP7_75t_SRAM,35,102060,7.429710321567285e-16,1.2770999535671734e-11,6.527344637019539e-11,6.40908992544098e-11
ICGx1_ASAP7_75t_SRAM,54,262440,2.2459099772271455e-15,1.3766700279749244e-10,1.3077139197903431e-11,1.6126927918080902e-11
ICGx2_ASAP7_75t_SRAM,54,277020,2.243130015094257e-15,1.418569983702156e-10,1.1767611191038085e-11,1.3523059408382387e-11
ICGx2p67DC_ASAP7_75t_SRAM,54,699840,6.096680150606331e-15,3.3573799296249263e-10,3.600089323874123e-11,1.1428182185302393e-11
ICGx3_ASAP7_75t_SRAM,54,291600,2.2418001733670676e-15,1.4604600862000439e-10,1.2523400719222089e-11,1.3877681989682422e-11
ICGx4DC_ASAP7_75t_SRAM,54,699840,6.096720384671326e-15,3.4131600323838995e-10,2.732673809457964e-11,1.0567980518461084e-11
ICGx4_ASAP7_75t_SRAM,54,306180,2.2431700374010146e-15,1.5023599031493973e-10,1.3422254627193375e-11,1.4599765840728196e-11
ICGx5_ASAP7_75t_SRAM,54,320760,2.2409201061348704e-15,1.5442500056472852e-10,1.474041895488387e-11,1.579576920651693e-11
ICGx5p33DC_ASAP7_75t_SRAM,54,699840,6.0978998780503776e-15,3.468940135142873e-10,2.2930282672639635e-11,1.0020329184456944e-11
ICGx6p67DC_ASAP7_75t_SRAM,54,699840,6.0970401396089145e-15,3.52471996034609e-10,2.0680989906707303e-11,9.987447500969804e-12
ICGx8DC_ASAP7_75t_SRAM,54,699840,6.095990242270793e-15,3.580499785549307e-10,1.9289009625667042e-11,1.0037939229823323e-11
INVx11_ASAP7_75t_SRAM,36,189540,6.535400018603749e-15,0.0,9.908772587163828e-12,3.224782637104018e-12
INVx13_ASAP7_75t_SRAM,36,218700,7.707250195855813e-15,0.0,1.033673147077252e-11,3.2089296497783693e-12
INVx1_ASAP7_75t_SRAM,36,43740,6.384860241020031e-16,0.0,9.635029753207736e-12,1.0188588688009315e-11
INVx2_ASAP7_75t_SRAM,36,58320,1.229220036406953e-15,0.0,9.07266015787167e-12,5.724416166780211e-12
INVx3_ASAP7_75t_SRAM,36,72900,1.8213300537347175e-15,0.0,9.011183292606528e-12,4.352800671986179e-12
INVx4_ASAP7_75t_SRAM,36,87480,2.410300014047892e-15,0.0,8.946588261893318e-12,3.755323742943295e-12
INVx5_ASAP7_75t_SRAM,36,102060,3.0027398448294936e-15,0.0,9.06212258011685e-12,3.535170203447513e-12
INVx6_ASAP7_75t_SRAM,36,116640,3.589720124749568e-15,0.0,9.133063229305183e-12,3.0071817432031356e-12
INVx8_ASAP7_75t_SRAM,36,145800,4.753830114929622e-15,0.0,9.31369044387953e-12,3.080945871689056e-12
INVxp33_ASAP7_75t_SRAM,36,43740,2.818639774842613e-16,0.0,1.2747932050249933e-11,2.7201718308389466e-11
INVxp67_ASAP7_75t_SRAM,36,43740,4.552339929140019e-16,0.0,1.0295171833096806e-11,1.4450250891695493e-11
MAJIxp5_ASAP7_75t_SRAM,55,102060,1.1597800636328087e-15,0.0,2.2399537086270627e-11,2.4072830534516143e-11
MAJx2_ASAP7_75t_SRAM,56,131220,1.1657700688775543e-15,5.642580153120136e-11,2.5089510330422726e-11,2.5644529902391078e-11
MAJx3_ASAP7_75t_SRAM,56,145800,1.1715999848952688e-15,6.061529750356343e-11,2.7789650788867526e-11,2.8263912044135253e-11
NAND2x1_ASAP7_75t_SRAM,57,87480,1.0134500397969448e-15,0.0,1.6881549977365573e-11,1.3006334724507962e-11
NAND2x1p5_ASAP7_75t_SRAM,57,116640,1.5672599801069484e-15,0.0,1.517131212325218e-11,9.037034141845535e-12
NAND2x2_ASAP7_75t_SRAM,57,145800,2.0893300076965573e-15,0.0,1.6528580587538144e-11,8.79253093943877e-12
NAND2xp33_ASAP7_75t_SRAM,57,58320,3.5439699694442316e-16,0.0,1.6735142785440082e-11,2.9164535370052036e-11
NAND2xp5_ASAP7_75t_SRAM,57,58320,5.377090086530019e-16,0.0,1.3461560859073796e-11,1.736070141811208e-11
NAND2xp67_ASAP7_75t_SRAM,57,87480,7.648950506283076e-16,0.0,1.924372813877362e-11,1.7749243047537888e-11
NAND3x1_ASAP7_75t_SRAM,58,160380,1.3235400138199164e-15,0.0,2.422042080785225e-11,1.6357585425064158e-11
NAND3x2_ASAP7_75t_SRAM,58,291600,2.6987700014877896e-15,0.0,2.4415700364266435e-11,1.218931292706893e-11
NAND3xp33_ASAP7_75t_SRAM,58,72900,5.30227007811227e-16,0.0,2.1807413513874607e-11,2.6352305754206995e-11
NAND4xp25_ASAP7_75t_SRAM,59,87480,5.288389855084732e-16,0.0,3.0274373286065526e-11,3.629646583291901e-11
NAND4xp75_ASAP7_75t_SRAM,59,204120,1.5294200537377834e-15,0.0,3.043298599236799e-11,1.8999447848333517e-11
NAND5xp2_ASAP7_75t_SRAM,60,102060,5.247669804936666e-16,0.0,3.8492955350966085e-11,4.616065862883545e-11
NOR2x1_ASAP7_75t_SRAM,61,87480,1.0479099870692099e-15,0.0,1.6335793828758938e-11,1.2423589067223073e-11
NOR2x1p5_ASAP7_75t_SRAM,61,116640,1.5798300549233206e-15,0.0,1.6445820399946243e-11,9.716640686496802e-12
NOR2x2_ASAP7_75t_SRAM,61,145800,2.1136500176781228e-15,0.0,1.5896900115719426e-11,8.384089429658292e-12
NOR2xp33_ASAP7_75t_SRAM,61,58320,3.5964301609390386e-16,0.0,1.6147364695351385e-11,2.8300540730330503e-11
NOR2xp67_ASAP7_75t_SRAM,61,87480,7.829820098488247e-16,0.0,1.8567522519497004e-11,1.6925237253384573e-11
NOR3x1_ASAP7_75t_SRAM,62,160380,1.3620100268227201e-15,0.0,2.3360048270748557e-11,1.542649341601532e-11
NOR3x2_ASAP7_75t_SRAM,62,291600,2.7571299362789004e-15,0.0,2.3554699857264438e-11,1.1550167940133083e-11
NOR3xp33_ASAP7_75t_SRAM,62,72900,5.342050451084476e-16,0.0,2.6447687789810104e-11,3.1764021968250233e-11
NOR4xp25_ASAP7_75t_SRAM,63,87480,5.330590095308126e-16,0.0,3.741155996106471e-11,4.455818006232626e-11
NOR4xp75_ASAP7_75t_SRAM,63,204120,1.5404500108978105e-15,0.0,3.729890007964087e-11,2.3277197877535905e-11
NOR5xp2_ASAP7_75t_SRAM,64,102060,5.308169662589896e-16,0.0,4.8404124458611975e-11,5.74824597643353e-11
O2A1O1Ixp33_ASAP7_75t_SRAM,65,87480,5.621630086589111e-16,0.0,2.7995905940714216e-11,3.2793840559763865e-11
O2A1O1Ixp5_ASAP7_75t_SRAM,66,116640,9.011569761553108e-16,0.0,2.8190205378364475e-11,2.3571195342797502e-11
OA211x2_ASAP7_75t_SRAM,67,116640,5.302770356946742e-16,5.547409753781096e-11,3.1334393413295913e-11,3.303946352617437e-11
OA21x2_ASAP7_75t_SRAM,68,102060,6.026740004876833e-16,5.577310141502423e-11,2.1051087956136527e-11,2.194237673502908e-11
OA221x2_ASAP7_75t_SRAM,69,233280,9.464870031188088e-16,4.4795101655781266e-11,3.390102087941216e-11,3.245283555775025e-11
OA222x2_ASAP7_75t_SRAM,70,174960,6.07208009035658e-16,5.638940009378146e-11,3.299676504253668e-11,3.374506576947489e-11
OA22x2_ASAP7_75t_SRAM,71,145800,6.039080216127144e-16,5.6126200909112356e-11,2.2898755808187232e-11,2.392488984703789e-11
OA31x2_ASAP7_75t_SRAM,72,218700,1.0960599984723542e-15,8.555590264025525e-11,2.8659553896748236e-11,2.704945815945603e-11
OA331x1_ASAP7_75t_SRAM,73,145800,6.235089992868894e-16,2.340209970252971e-11,3.6153476046241195e-11,3.824699931764819e-11
OA331x2_ASAP7_75t_SRAM,73,160380,6.223829748626332e-16,2.7597099952481052e-11,3.7335027430751566e-11,3.8710201710756564e-11
OA332x1_ASAP7_75t_SRAM,74,160380,6.095780072220755e-16,5.2684502593880467e-11,3.894127034720363e-11,4.113259385873924e-11
OA332x2_ASAP7_75t_SRAM,74,174960,6.097510137015522e-16,5.687950110910833e-11,3.970875364633919e-11,4.1141725443116783e-11
OA333x1_ASAP7_75t_SRAM,75,174960,6.095269734870035e-16,7.046489780559995e-11,4.330293068566249e-11,4.4638910623451267e-11
OA333x2_ASAP7_75t_SRAM,75,189540,6.08757973450015e-16,7.465989632082781e-11,4.356043650788344e-11,4.441668213783778e-11
OA33x2_ASAP7_75t_SRAM,76,145800,6.035520030770716e-16,7.426519815778576e-11,3.5665172204435436e-11,3.7260011048756425e-11
OAI211xp5_ASAP7_75t_SRAM,77,87480,5.305100226947284e-16,0.0,2.4647433399804797e-11,3.1538660572039134e-11
OAI21x1_ASAP7_75t_SRAM,78,116640,1.2869499904435435e-15,0.0,1.868386521886034e-11,1.3196153371419772e-11
OAI21xp33_ASAP7_75t_SRAM,78,72900,4.356029985097586e-16,0.0,1.9577622509259207e-11,2.938809612329507e-11
OAI21xp5_ASAP7_75t_SRAM,78,72900,6.016219855671935e-16,0.0,1.8095323850442213e-11,2.0961725410995058e-11
OAI221xp5_ASAP7_75t_SRAM,79,102060,5.286980074623146e-16,0.0,2.7800893531715332e-11,3.508562537724025e-11
OAI222xp33_ASAP7_75t_SRAM,80,145800,6.091730195941696e-16,0.0,3.0798676109444756e-11,3.301975012859337e-11
OAI22x1_ASAP7_75t_SRAM,81,145800,1.2450000484560638e-15,0.0,1.95942168740304e-11,1.4745510368285863e-11
OAI22xp33_ASAP7_75t_SRAM,81,87480,4.58979996123234e-16,0.0,2.201039524252213e-11,3.109321827787781e-11
OAI22xp5_ASAP7_75t_SRAM,81,87480,6.020889654189266e-16,0.0,1.9565580058888976e-11,2.2537511787379394e-11
OAI311xp33_ASAP7_75t_SRAM,82,102060,5.710849655110183e-16,0.0,3.0903914843838365e-11,3.4928487185892365e-11
OAI31xp33_ASAP7_75t_SRAM,83,87480,5.117589896435639e-16,0.0,2.514418707966204e-11,3.125891559485616e-11
OAI31xp67_ASAP7_75t_SRAM,83,189540,1.1474599694149949e-15,0.0,2.8570208698841526e-11,2.0267733671919252e-11
OAI321xp33_ASAP7_75t_SRAM,84,116640,5.588619624447835e-16,0.0,3.2400387928177565e-11,3.686304733685475e-11
OAI322xp33_ASAP7_75t_SRAM,85,131220,5.636870326892584e-16,0.0,3.4680463362191105e-11,3.8992201828458306e-11
OAI32xp33_ASAP7_75t_SRAM,86,102060,4.961169910252963e-16,0.0,2.680338763438872e-11,3.348665442159948e-11
OAI331xp33_ASAP7_75t_SRAM,87,131220,6.2285000765392555e-16,0.0,3.428843667330206e-11,3.879295495945456e-11
OAI332xp33_ASAP7_75t_SRAM,88,145800,6.080979759654262e-16,0.0,3.639186521575688e-11,4.088757110665142e-11
OAI333xp33_ASAP7_75t_SRAM,89,160380,6.077320047926532e-16,0.0,4.082729293530818e-11,4.3557126655491274e-11
OAI33xp33_ASAP7_75t_SRAM,90,116640,5.208070485256935e-16,0.0,2.5971357009435536e-11,3.4574527268960153e-11
OR2x2_ASAP7_75t_SRAM,91,87480,5.375450018985897e-16,4.0597199213454616e-11,2.0097945876984546e-11,2.1392105101214476e-11
OR2x4_ASAP7_75t_SRAM,91,116640,5.37234034927829e-16,4.8976201566519606e-11,2.5925921132152752e-11,2.6700733637974317e-11
OR2x6_ASAP7_75t_SRAM,91,174960,1.050290043771876e-15,8.957340424942117e-11,2.207148873389908e-11,2.0840867226423754e-11
OR3x1_ASAP7_75t_SRAM,92,87480,6.095899715624555e-16,8.209859875263348e-11,2.940457599631685e-11,3.045453472738657e-11
OR3x2_ASAP7_75t_SRAM,92,102060,6.097019916697299e-16,8.62881988084041e-11,3.1388652094177516e-11,3.212825144816023e-11
OR3x4_ASAP7_75t_SRAM,92,131220,6.094240060443529e-16,9.46672948365368e-11,4.016870169820663e-11,4.0600058037743025e-11
OR4x1_ASAP7_75t_SRAM,93,102060,6.126609953918444e-16,1.004170011031924e-10,3.7703441063685617e-11,3.883880717037158e-11
OR4x2_ASAP7_75t_SRAM,93,116640,6.123830097664673e-16,1.0461199961842027e-10,4.068953160518696e-11,4.149991808533038e-11
OR5x1_ASAP7_75t_SRAM,94,116640,5.335159838058563e-16,8.855789712658435e-11,4.4520845343676285e-11,4.712912352045073e-11
OR5x2_ASAP7_75t_SRAM,94,131220,5.3398698706408885e-16,9.274740003784032e-11,4.86247327124989e-11,5.0457863581820916e-11
SDFHx1_ASAP7_75t_SRAM,95,364500,1.0905499432713466e-15,9.767069791832839e-11,4.6874070597224815e-11,5.063064897892211e-11
SDFHx2_ASAP7_75t_SRAM,95,379080,1.0901300266877452e-15,1.0185999960166114e-10,5.120016910442615e-11,5.4052363279710747e-11
SDFHx3_ASAP7_75t_SRAM,95,393660,1.0896699819182678e-15,1.060500021132782e-10,5.904271516143922e-11,6.143012487580535e-11
SDFHx4_ASAP7_75t_SRAM,95,451980,1.2366199279924034e-15,1.8337199814144611e-10,4.0210171997623334e-11,4.045478188552387e-11
SDFLx1_ASAP7_75t_SRAM,96,364500,1.3887399514183425e-15,8.133219792094692e-11,5.086351825833724e-11,5.4956015432816585e-11
SDFLx2_ASAP7_75t_SRAM,96,379080,1.3945100457341572e-15,8.55217008322029e-11,5.482378440113678e-11,5.7799549868509104e-11
SDFLx3_ASAP7_75t_SRAM,96,393660,1.3953800544501058e-15,8.971119680456496e-11,6.174625394317346e-11,6.425227017103907e-11
SDFLx4_ASAP7_75t_SRAM,96,451980,1.2357300140021944e-15,1.3343499916107504e-10,4.2539048672463053e-11,4.276385148771489e-11
TAPCELL_ASAP7_75t_SRAM,130,29160,NaN,NaN,NaN,NaN
TAPCELL_WITH_FILLER_ASAP7_75t_SRAM,131,43740,NaN,NaN,NaN,NaN
TIEHIx1_ASAP7_75t_SRAM,99,43740,None,7.509919877808635e-13,None,None
TIELOx1_ASAP7_75t_SRAM,100,43740,None,1.7065099333635203e-12,None,None
XNOR2x1_ASAP7_75t_SRAM,101,174960,1.5732400327145638e-15,0.0,2.844656107892085e-11,2.029962482830161e-11
XNOR2x2_ASAP7_75t_SRAM,101,160380,1.0075700429562238e-15,0.0,3.3278609035125584e-11,3.094145079041155e-11
XNOR2xp5_ASAP7_75t_SRAM,101,131220,9.997729987976296e-16,0.0,3.3390120529608325e-11,2.691677956911942e-11
XOR2x1_ASAP7_75t_SRAM,102,174960,1.5780500151846657e-15,5.7315100582266965e-11,3.0585246141301425e-11,2.268179567777029e-11
XOR2x2_ASAP7_75t_SRAM,102,160380,1.0012799762899134e-15,7.066480040007761e-11,3.062228595696048e-11,2.927489847759368e-11
XOR2xp5_ASAP7_75t_SRAM,102,131220,1.018170025016401e-15,3.68175004372695e-11,3.674938825470875e-11,2.880393319693031e-11
DFFHQNV2Xx1_ASAP7_75t_L,104,583200,5.76107023855289e-16,2.6053701418504716e-9,3.843658030744379e-11,3.9474021273910864e-11
DFFHQNV2Xx1_ASAP7_75t_R,104,583200,5.76107023855289e-16,2.6053701418504716e-9,3.843658030744379e-11,3.9474021273910864e-11
DFFHQNV2Xx1_ASAP7_75t_SL,104,583200,5.76107023855289e-16,2.6053701418504716e-9,3.843658030744379e-11,3.9474021273910864e-11
DFFHQNV2Xx2_ASAP7_75t_L,104,612360,5.76107023855289e-16,3.108530099993345e-9,4.1151814594853064e-11,4.182429402810328e-11
DFFHQNV2Xx2_ASAP7_75t_R,104,612360,5.76107023855289e-16,3.108530099993345e-9,4.1151814594853064e-11,4.182429402810328e-11
DFFHQNV2Xx2_ASAP7_75t_SL,104,612360,5.76107023855289e-16,3.108530099993345e-9,4.1151814594853064e-11,4.182429402810328e-11
DFFHQNV2Xx3_ASAP7_75t_L,104,641520,5.76107023855289e-16,3.6116998280988355e-9,4.7490240906444825e-11,4.8010262432285344e-11
DFFHQNV2Xx3_ASAP7_75t_R,104,641520,5.76107023855289e-16,3.6116998280988355e-9,4.7490240906444825e-11,4.8010262432285344e-11
DFFHQNV2Xx3_ASAP7_75t_SL,104,641520,5.76107023855289e-16,3.6116998280988355e-9,4.7490240906444825e-11,4.8010262432285344e-11
A2O1A1Ixp33_ASAP7_75t_L,2,87480,6.611840189291358e-16,0.0,1.8146591868051232e-11,1.9229418404820287e-11
A2O1A1O1Ixp25_ASAP7_75t_L,3,131220,7.049540229620282e-16,0.0,2.3441399862877965e-11,2.5749083421011676e-11
AND2x2_ASAP7_75t_L,4,87480,6.040510113621228e-16,5.604379738066712e-10,1.271659513801815e-11,1.3443670655866047e-11
AND2x4_ASAP7_75t_L,4,145800,1.1817599333393473e-15,1.1208800554385334e-9,1.2624855154352854e-11,1.1139049752029173e-11
AND2x6_ASAP7_75t_L,4,174960,1.1805499467741946e-15,1.5622099169831927e-9,1.4114196790482314e-11,1.3126387130024675e-11
AND3x1_ASAP7_75t_L,5,87480,6.831560006413532e-16,3.0178901044841666e-10,1.9262529071806256e-11,1.9271976375856426e-11
AND3x2_ASAP7_75t_L,5,102060,6.832320218483692e-16,5.224550236881953e-10,1.917509206972312e-11,1.918644583487339e-11
AND3x4_ASAP7_75t_L,5,204120,1.1364999983522347e-15,1.0437800623819271e-9,1.8470520252167333e-11,1.6932294108484847e-11
AND4x1_ASAP7_75t_L,6,102060,6.875569720770497e-16,2.859139869304528e-10,2.3684020022951557e-11,2.3643873317547026e-11
AND4x2_ASAP7_75t_L,6,116640,6.872079945027809e-16,5.065790009695093e-10,2.41401482137249e-11,2.412299179854749e-11
AND5x1_ASAP7_75t_L,7,116640,5.929600148903342e-16,2.76708017610261e-10,2.781243291227753e-11,2.869561532836684e-11
AND5x2_ASAP7_75t_L,7,291600,1.137509979262717e-15,5.527859836540472e-10,2.7844742137017597e-11,2.5372067294360257e-11
AO211x2_ASAP7_75t_L,8,233280,1.04095997585787e-15,1.000159954855917e-9,2.068965311574633e-11,1.8713329497099807e-11
AO21x1_ASAP7_75t_L,9,87480,6.635590463736777e-16,6.682910336230918e-10,1.6130286342730393e-11,1.6508664227310454e-11
AO21x2_ASAP7_75t_L,9,102060,6.650689884812769e-16,8.889699532055317e-10,1.5830184385556834e-11,1.6060278107410397e-11
AO221x1_ASAP7_75t_L,10,145800,5.942399875527539e-16,5.992970009138787e-10,2.076730974687191e-11,2.2189639015124385e-11
AO221x2_ASAP7_75t_L,10,160380,5.937949776180901e-16,8.19976975208192e-10,2.159738880791462e-11,2.2533849786121607e-11
AO222x2_ASAP7_75t_L,11,174960,6.821200264073019e-16,7.994219730633745e-10,2.6936166838686937e-11,2.725462737440676e-11
AO22x1_ASAP7_75t_L,12,131220,4.854280175660983e-16,3.7981601197500936e-10,1.701307497659066e-11,1.9455362668119314e-11
AO22x2_ASAP7_75t_L,12,145800,6.782420448769757e-16,6.800529583905757e-10,1.650513926920727e-11,1.6996492754883796e-11
AO31x2_ASAP7_75t_L,13,233280,1.2943099656013545e-15,8.229320003216856e-10,1.9513203552978808e-11,1.6073429046081777e-11
AO322x2_ASAP7_75t_L,14,218700,6.544190314772117e-16,6.821169740156563e-10,2.7684327053023594e-11,2.7897226195783276e-11
AO32x1_ASAP7_75t_L,15,116640,5.805519880646836e-16,3.809880189109549e-10,2.16775365019517e-11,2.272995333618688e-11
AO32x2_ASAP7_75t_L,15,131220,5.86548981331244e-16,6.016570019973244e-10,2.284978282973693e-11,2.3523152176130324e-11
AO331x1_ASAP7_75t_L,16,145800,6.975430140691451e-16,7.111849997798458e-10,2.7223216736427247e-11,2.7694067525341204e-11
AO331x2_ASAP7_75t_L,16,160380,6.960660003673704e-16,9.318670279867547e-10,2.7487926865243928e-11,2.7812375666402822e-11
AO332x1_ASAP7_75t_L,17,160380,6.841240004813872e-16,5.022759985706671e-10,2.956577691004547e-11,3.0093764286087676e-11
AO332x2_ASAP7_75t_L,17,174960,6.83328001269205e-16,7.229479792592031e-10,2.9636959553158704e-11,2.9992217043250946e-11
AO333x1_ASAP7_75t_L,18,174960,6.8046804746236e-16,4.6404199927074785e-10,3.2570751651306296e-11,3.306444007478149e-11
AO333x2_ASAP7_75t_L,18,189540,6.800609951916451e-16,6.847119538022639e-10,3.256250130645455e-11,3.289704619824363e-11
AO33x2_ASAP7_75t_L,19,145800,6.03991983753611e-16,6.028280097325478e-10,2.586769513868159e-11,2.668890455859163e-11
AOI211x1_ASAP7_75t_L,20,174960,1.1032500376451223e-15,0.0,1.9747013052517914e-11,1.5958312796215957e-11
AOI211xp5_ASAP7_75t_L,20,87480,5.944439636743645e-16,0.0,2.1055475071807273e-11,2.414124282423824e-11
AOI21x1_ASAP7_75t_L,21,116640,1.2972799807517833e-15,0.0,1.4920047836097794e-11,9.7880280269802e-12
AOI21xp33_ASAP7_75t_L,21,72900,5.042260080062762e-16,0.0,1.6026686922021582e-11,2.1736312402764746e-11
AOI21xp5_ASAP7_75t_L,21,72900,6.250660046626204e-16,0.0,1.4433402389935068e-11,1.551735129279308e-11
AOI221x1_ASAP7_75t_L,22,204120,1.0196100869058517e-15,0.0,2.181383199073572e-11,1.7192396811749333e-11
AOI221xp5_ASAP7_75t_L,23,102060,5.929989784059079e-16,0.0,2.0924777535680228e-11,2.4493792410984483e-11
AOI222xp33_ASAP7_75t_L,24,145800,5.939400320103074e-16,0.0,2.406413089628412e-11,2.632417721304403e-11
AOI22x1_ASAP7_75t_L,25,145800,1.3932299671926191e-15,0.0,1.6237879096880903e-11,1.1344445348393517e-11
AOI22xp33_ASAP7_75t_L,25,87480,4.854849805318012e-16,0.0,1.6401919752939698e-11,2.2847439218320886e-11
AOI22xp5_ASAP7_75t_L,25,87480,6.766570344744261e-16,0.0,1.5537980624369396e-11,1.6876586933500803e-11
AOI311xp33_ASAP7_75t_L,26,102060,6.471839936791207e-16,0.0,2.4346913374273527e-11,2.540176576026898e-11
AOI31xp33_ASAP7_75t_L,27,87480,5.721199868330038e-16,0.0,2.0939390846241857e-11,2.383048272602828e-11
AOI31xp67_ASAP7_75t_L,27,189540,1.306939967998745e-15,0.0,2.092615664084363e-11,1.3066267685879485e-11
AOI321xp33_ASAP7_75t_L,28,116640,6.344689703496496e-16,0.0,2.5565835906626866e-11,2.690655684367549e-11
AOI322xp5_ASAP7_75t_L,29,131220,6.40474010429209e-16,0.0,2.7149033021700575e-11,2.8386211783915094e-11
AOI32xp33_ASAP7_75t_L,30,102060,5.702409501186386e-16,0.0,2.291167949808326e-11,2.5888373042515234e-11
AOI331xp33_ASAP7_75t_L,31,131220,6.9806700982614025e-16,0.0,2.79594698088248e-11,2.921771158348463e-11
AOI332xp33_ASAP7_75t_L,32,145800,6.8250696164551955e-16,0.0,2.9785892502465217e-11,3.1142224216074155e-11
AOI333xp33_ASAP7_75t_L,33,160380,6.815609846621141e-16,0.0,3.3515516750792784e-11,3.35686409225211e-11
AOI33xp33_ASAP7_75t_L,34,116640,5.799369892054177e-16,0.0,2.3514567029647715e-11,2.7970094990115157e-11
BUFx10_ASAP7_75t_L,35,204120,1.395390007087236e-15,2.8632298754160956e-9,1.1981756732615256e-11,1.1050996055750328e-11
BUFx12_ASAP7_75t_L,35,233280,1.3917100724478897e-15,3.3045699510125814e-9,1.3284012778669307e-11,1.2452010776653477e-11
BUFx12f_ASAP7_75t_L,35,262440,2.7149701418787385e-15,3.961090122572841e-9,1.0511192610751507e-11,8.295960272908243e-12
BUFx16f_ASAP7_75t_L,35,320760,2.7132199600514743e-15,4.843769829676603e-9,1.1652314529930763e-11,1.0025538559055303e-11
BUFx24_ASAP7_75t_L,35,437400,2.724920026151898e-15,6.609139902025163e-9,1.4348108638706503e-11,1.3026108837410622e-11
BUFx2_ASAP7_75t_L,35,72900,5.957729583686065e-16,6.601829638519519e-10,1.1249299235183141e-11,1.1730616478189404e-11
BUFx3_ASAP7_75t_L,35,87480,7.226160363408196e-16,9.902709763309758e-10,1.0313122751626214e-11,1.0160191264707574e-11
BUFx4_ASAP7_75t_L,35,102060,6.029290103443661e-16,1.1015299783423416e-9,1.4322156308144152e-11,1.4571024942178212e-11
BUFx4f_ASAP7_75t_L,35,116640,1.128340000575742e-15,1.3203700355290948e-9,1.0551706210171208e-11,9.351777165156339e-12
BUFx5_ASAP7_75t_L,35,116640,7.234509990685755e-16,1.431609941704437e-9,1.2355818625187087e-11,1.2256647086150707e-11
BUFx6f_ASAP7_75t_L,35,145800,1.3887999848784791e-15,1.9805399542605073e-9,9.810766782303304e-12,8.391883542235856e-12
BUFx8_ASAP7_75t_L,35,174960,9.76423053298907e-16,2.2030499646774615e-9,1.3239886617610885e-11,1.2788672031083248e-11
CKINVDCx10_ASAP7_75t_L,36,349920,6.9739199868256146e-15,0.0,9.098323656975271e-12,2.913689905667538e-12
CKINVDCx11_ASAP7_75t_L,36,379080,7.871439909384534e-15,0.0,9.547767958195674e-12,3.0520917824322646e-12
CKINVDCx12_ASAP7_75t_L,36,379080,8.344490022734168e-15,0.0,9.408508694352946e-12,2.9728374709853123e-12
CKINVDCx14_ASAP7_75t_L,36,408240,9.705050246788544e-15,0.0,1.0148695252232276e-11,3.131224880076333e-12
CKINVDCx16_ASAP7_75t_L,36,437400,1.1045000465170329e-14,0.0,9.756260903326375e-12,3.006524499846175e-12
CKINVDCx20_ASAP7_75t_L,36,554040,1.3795100451503492e-14,0.0,1.1426153426197239e-11,3.2345283135920555e-12
CKINVDCx5p33_ASAP7_75t_L,36,320760,4.206440154964214e-15,0.0,9.16912813037074e-12,3.253102865211077e-12
CKINVDCx6p67_ASAP7_75t_L,36,349920,5.139050111429037e-15,0.0,9.48761555430444e-12,3.2547144233202596e-12
CKINVDCx8_ASAP7_75t_L,36,320760,5.638639884598517e-15,0.0,8.622811666081365e-12,2.971635958137764e-12
CKINVDCx9p33_ASAP7_75t_L,36,408240,7.043790040578727e-15,0.0,9.979205829735438e-12,3.24983768194842e-12
DECAPx10_ASAP7_75t_L,132,320760,NaN,NaN,NaN,NaN
DECAPx1_ASAP7_75t_L,133,58320,NaN,NaN,NaN,NaN
DECAPx2_ASAP7_75t_L,134,87480,NaN,NaN,NaN,NaN
DECAPx2b_ASAP7_75t_L,135,87480,NaN,NaN,NaN,NaN
DECAPx4_ASAP7_75t_L,136,145800,NaN,NaN,NaN,NaN
DECAPx6_ASAP7_75t_L,137,204120,NaN,NaN,NaN,NaN
DFFASRHQNx1_ASAP7_75t_L,43,379080,1.208889975123429e-15,1.591009990420389e-9,3.4514755636871897e-11,3.6646737727741296e-11
DFFHQNx1_ASAP7_75t_L,44,291600,6.592490251006926e-16,1.3786999319975735e-9,3.182297828030478e-11,3.368512413448599e-11
DFFHQNx2_ASAP7_75t_L,44,306180,6.591730038936765e-16,1.5994000568397837e-9,3.343596233218449e-11,3.4627273270970704e-11
DFFHQNx3_ASAP7_75t_L,44,320760,6.593769800152872e-16,1.820099959637389e-9,3.7729475793613076e-11,3.8645312644414176e-11
DFFHQx4_ASAP7_75t_L,45,364500,6.586859599490053e-16,2.515480046483276e-9,3.7903354066504136e-11,3.837134776585316e-11
DFFLQNx1_ASAP7_75t_L,46,291600,6.586139621484887e-16,1.0980300002572108e-9,3.2393424748144994e-11,3.426849776166918e-11
DFFLQNx2_ASAP7_75t_L,46,306180,6.586930009103793e-16,1.3187099190403728e-9,3.3773733809638884e-11,3.495380374030077e-11
DFFLQNx3_ASAP7_75t_L,46,320760,6.585909863797944e-16,1.5393900598681398e-9,3.8505670874044995e-11,3.938645937173746e-11
DFFLQx4_ASAP7_75t_L,47,364500,6.586960184652539e-16,2.331079995698815e-9,3.918066565633538e-11,3.958226107991791e-11
DHLx1_ASAP7_75t_L,48,218700,6.541679920874692e-16,8.850229993306868e-10,2.397529397235587e-11,2.552542378853051e-11
DHLx2_ASAP7_75t_L,48,233280,6.537879919315073e-16,1.105719960037277e-9,2.3455097239444278e-11,2.4406377960306536e-11
DHLx3_ASAP7_75t_L,48,247860,6.538220320680751e-16,1.326409981849963e-9,2.49915227401587e-11,2.5689211174961812e-11
DLLx1_ASAP7_75t_L,49,218700,6.605629849601208e-16,1.0173100140065117e-9,2.678325096427958e-11,2.8198053267369794e-11
DLLx2_ASAP7_75t_L,49,233280,6.603209982350021e-16,1.2379899327896737e-9,2.690819962680724e-11,2.7810937580641237e-11
DLLx3_ASAP7_75t_L,49,247860,6.579599997736491e-16,1.4586700736174407e-9,2.8256683451410858e-11,2.8963744597154673e-11
FAx1_ASAP7_75t_L,50,204120,2.3584800206425316e-15,0.0,5.742859660040622e-11,2.7642915734205076e-11
FILLER_ASAP7_75t_L,138,29160,NaN,NaN,NaN,NaN
FILLERxp5_ASAP7_75t_L,139,14580,NaN,NaN,NaN,NaN
HAxp5_ASAP7_75t_L,53,131220,1.1499799983121948e-15,0.0,2.8563418991156553e-11,2.05686596227439e-11
HB1xp67_ASAP7_75t_L,35,58320,3.480210093735256e-16,2.5653901225553e-10,1.270321521584794e-11,1.7451696338044442e-11
HB2xp67_ASAP7_75t_L,35,72900,5.405719800147214e-16,1.869049914837717e-10,2.2675231484137193e-11,2.4660398723064247e-11
HB3xp67_ASAP7_75t_L,35,87480,6.949830158047465e-16,1.7416099118428008e-10,3.405856846550037e-11,3.388588021291383e-11
HB4xp67_ASAP7_75t_L,35,102060,8.482640037640161e-16,1.6887000131582397e-10,4.663784636260715e-11,4.419505733599394e-11
ICGx1_ASAP7_75t_L,54,262440,2.4943100123059943e-15,1.5619499027508255e-9,1.0422798908671371e-11,1.2263892158748124e-11
ICGx2_ASAP7_75t_L,54,277020,2.48934999912511e-15,1.7826199405490684e-9,8.953147251355986e-12,1.0039675688022776e-11
ICGx2p67DC_ASAP7_75t_L,54,699840,6.805789876026267e-15,2.9846001226019325e-9,2.96621754936055e-11,8.685872333880074e-12
ICGx3_ASAP7_75t_L,54,291600,2.4910701112827466e-15,2.0032799863400896e-9,9.256650133904198e-12,1.0099125528906239e-11
ICGx4DC_ASAP7_75t_L,54,699840,6.800949929765656e-15,3.2788201043132403e-9,2.2243392891474478e-11,7.953028860474554e-12
ICGx4_ASAP7_75t_L,54,306180,2.489029820671048e-15,2.22394991311603e-9,9.795990407734934e-12,1.047011696092559e-11
ICGx5_ASAP7_75t_L,54,320760,2.488779945951608e-15,2.4446200619365754e-9,1.0757381097015184e-11,1.1334618139902108e-11
ICGx5p33DC_ASAP7_75t_L,54,699840,6.800979999435283e-15,3.5730300940173265e-9,1.8491963169053882e-11,7.528280082658156e-12
ICGx6p67DC_ASAP7_75t_L,54,699840,6.799709873530875e-15,3.867250075728634e-9,1.6501654209744032e-11,7.445668213923451e-12
ICGx8DC_ASAP7_75t_L,54,699840,6.7984499120218346e-15,4.1614600654327205e-9,1.5252497181927893e-11,7.4408951222793e-12
INVx11_ASAP7_75t_L,36,189540,7.351359985704499e-15,0.0,8.699527209721225e-12,2.9911242753477563e-12
INVx13_ASAP7_75t_L,36,218700,8.679040084812358e-15,0.0,9.220739623228003e-12,3.1380926503177253e-12
INVx1_ASAP7_75t_L,36,43740,7.129489551929247e-16,0.0,8.001583770567144e-12,7.733262814835218e-12
INVx2_ASAP7_75t_L,36,58320,1.3802200705183851e-15,0.0,7.619349595699987e-12,4.4488007028276044e-12
INVx3_ASAP7_75t_L,36,72900,2.0477199376791634e-15,0.0,7.545582214607549e-12,3.6068424722618397e-12
INVx4_ASAP7_75t_L,36,87480,2.7066499489960963e-15,0.0,7.587687422816458e-12,3.2589425949525186e-12
INVx5_ASAP7_75t_L,36,102060,3.3754599643680402e-15,0.0,7.682059849356548e-12,3.077358897221605e-12
INVx6_ASAP7_75t_L,36,116640,4.0377404145078375e-15,0.0,7.73396884728994e-12,2.877853120739071e-12
INVx8_ASAP7_75t_L,36,145800,5.361869751500806e-15,0.0,8.0096745208591e-12,2.884143661743832e-12
INVxp33_ASAP7_75t_L,36,43740,3.0648100486273743e-16,0.0,1.0251276390260688e-11,2.0572118661355e-11
INVxp67_ASAP7_75t_L,36,43740,5.055770255571468e-16,0.0,8.49655935886151e-12,1.0975453185180228e-11
MAJIxp5_ASAP7_75t_L,55,102060,1.305179939413469e-15,0.0,1.7964721724106347e-11,1.7892787945728017e-11
MAJx2_ASAP7_75t_L,56,131220,1.3103599694024026e-15,7.301980131657615e-10,1.8086868808220302e-11,1.804756344370162e-11
MAJx3_ASAP7_75t_L,56,145800,1.3128000595652055e-15,9.50867939941702e-10,1.9788946523102702e-11,1.9758184671703205e-11
NAND2x1_ASAP7_75t_L,57,87480,1.1340999304961896e-15,0.0,1.4235486921199136e-11,1.0061290342533447e-11
NAND2x1p5_ASAP7_75t_L,57,116640,1.747320020572781e-15,0.0,1.2784755025474492e-11,7.003667611138464e-12
NAND2x2_ASAP7_75t_L,57,145800,2.322639939061834e-15,0.0,1.4017532794230458e-11,6.823316651277667e-12
NAND2xp33_ASAP7_75t_L,57,58320,3.938650000475497e-16,0.0,1.4077562032754898e-11,2.2209433944708756e-11
NAND2xp5_ASAP7_75t_L,57,58320,6.016800073240804e-16,0.0,1.0504179991099871e-11,1.1995612836379621e-11
NAND2xp67_ASAP7_75t_L,57,87480,8.548600081429629e-16,0.0,1.6032246710762088e-11,1.3649475646970721e-11
NAND3x1_ASAP7_75t_L,58,160380,1.4843100435823348e-15,0.0,2.0559304259037958e-11,1.3083880333331077e-11
NAND3x2_ASAP7_75t_L,58,291600,3.021610044828425e-15,0.0,2.1021885621141934e-11,9.962795345652697e-12
NAND3xp33_ASAP7_75t_L,58,72900,5.947289902611156e-16,0.0,1.5906709976976074e-11,1.76009727625992e-11
NAND4xp25_ASAP7_75t_L,59,87480,5.922790004007417e-16,0.0,2.1671713035242846e-11,2.3918764538444215e-11
NAND4xp75_ASAP7_75t_L,59,204120,1.7202199425792085e-15,0.0,2.2086792464404148e-11,1.316477742790978e-11
NAND5xp2_ASAP7_75t_L,60,102060,5.886369704857851e-16,0.0,2.7378765921071135e-11,3.024267988815943e-11
NOR2x1_ASAP7_75t_L,61,87480,1.1535700415800138e-15,0.0,1.2877051855375576e-11,9.200452032176454e-12
NOR2x1p5_ASAP7_75t_L,61,116640,1.7498600606233598e-15,0.0,1.3239822432842274e-11,7.275039078102896e-12
NOR2x2_ASAP7_75t_L,61,145800,2.3239998504586508e-15,0.0,1.2677809323180522e-11,6.302614246472826e-12
NOR2xp33_ASAP7_75t_L,61,58320,3.9496201359336244e-16,0.0,1.2683401204305333e-11,2.043116023586755e-11
NOR2xp67_ASAP7_75t_L,61,87480,8.532880208719773e-16,0.0,1.4354014504780466e-11,1.2388717655908987e-11
NOR3x1_ASAP7_75t_L,62,160380,1.497129993118147e-15,0.0,1.843347002816742e-11,1.1535916319416195e-11
NOR3x2_ASAP7_75t_L,62,291600,3.0244399819052015e-15,0.0,1.8698405671035978e-11,8.821003823211715e-12
NOR3xp33_ASAP7_75t_L,62,72900,5.950670093466293e-16,0.0,2.066008301937483e-11,2.287875444650922e-11
NOR4xp25_ASAP7_75t_L,63,87480,5.924240018533998e-16,0.0,2.8907137100686597e-11,3.193121808631183e-11
NOR4xp75_ASAP7_75t_L,63,204120,1.720940026463493e-15,0.0,2.913246380242818e-11,1.7167205157431198e-11
NOR5xp2_ASAP7_75t_L,64,102060,5.907919811222776e-16,0.0,3.727572417400182e-11,4.1109390197524576e-11
O2A1O1Ixp33_ASAP7_75t_L,65,87480,6.467540185792708e-16,0.0,2.233435832110775e-11,2.3772204690852838e-11
O2A1O1Ixp5_ASAP7_75t_L,66,116640,1.0216499540010768e-15,0.0,2.2602589938580664e-11,1.7392238690905337e-11
OA211x2_ASAP7_75t_L,67,116640,5.945119910079409e-16,5.516609946631945e-10,2.3289759010225453e-11,2.4116719038458356e-11
OA21x2_ASAP7_75t_L,68,102060,6.781360069398913e-16,6.024429843876078e-10,1.4804315759398e-11,1.503605920327722e-11
OA221x2_ASAP7_75t_L,69,233280,1.0705999880229028e-15,6.803679841738131e-10,2.5183572241460617e-11,2.3322687531246444e-11
OA222x2_ASAP7_75t_L,70,174960,6.820329937719716e-16,6.035819621885707e-10,2.401951207375852e-11,2.403122666139179e-11
OA22x2_ASAP7_75t_L,71,145800,6.78664026103386e-16,6.800529583905757e-10,1.6419570564307762e-11,1.6691427753845467e-11
OA31x2_ASAP7_75t_L,72,218700,1.2016999359506608e-15,6.353610415565925e-10,2.1424478510723155e-11,1.9557220426458244e-11
OA331x1_ASAP7_75t_L,73,145800,6.982600274589958e-16,3.7016001375178575e-10,2.648323227383287e-11,2.7081104719828275e-11
OA331x2_ASAP7_75t_L,73,160380,6.971529553969345e-16,5.908259992359888e-10,2.677185903521284e-11,2.7150046100210545e-11
OA332x1_ASAP7_75t_L,74,160380,6.837879930991233e-16,4.255889807236457e-10,2.8590211795243015e-11,2.916126021212939e-11
OA332x2_ASAP7_75t_L,74,174960,6.831610298994775e-16,6.462569923648687e-10,2.8738655552529302e-11,2.912577817815176e-11
OA333x1_ASAP7_75t_L,75,174960,6.837630056271793e-16,4.6404097231445007e-10,3.1622589963253844e-11,3.1622041790635436e-11
OA333x2_ASAP7_75t_L,75,189540,6.835010077486817e-16,6.84711010112693e-10,3.140459073347479e-11,3.140627688469344e-11
OA33x2_ASAP7_75t_L,76,145800,6.779000023849626e-16,7.994219730633745e-10,2.539068434670444e-11,2.5918872950669858e-11
OAI211xp5_ASAP7_75t_L,77,87480,5.94618981857091e-16,0.0,1.9784547264367625e-11,2.301250683067746e-11
OAI21x1_ASAP7_75t_L,78,116640,1.4368200826033383e-15,0.0,1.5156988511511038e-11,9.860323495203271e-12
OAI21xp33_ASAP7_75t_L,78,72900,4.864269870482663e-16,0.0,1.5631055477749456e-11,2.139093416286819e-11
OAI21xp5_ASAP7_75t_L,78,72900,6.761040278389875e-16,0.0,1.4602636808080938e-11,1.532761070843769e-11
OAI221xp5_ASAP7_75t_L,79,102060,5.924140492162696e-16,0.0,2.2556047307720206e-11,2.5989772833856506e-11
OAI222xp33_ASAP7_75t_L,80,145800,6.834040224762211e-16,0.0,2.237426043050217e-11,2.2390382950487897e-11
OAI22x1_ASAP7_75t_L,81,145800,1.3944000373301325e-15,0.0,1.599369768567893e-11,1.116214932983528e-11
OAI22xp33_ASAP7_75t_L,81,87480,5.0847297826425e-16,0.0,1.760925953664394e-11,2.273942666108919e-11
OAI22xp5_ASAP7_75t_L,81,87480,6.781949816088439e-16,0.0,1.5926862259596497e-11,1.671717278495244e-11
OAI311xp33_ASAP7_75t_L,82,102060,6.48155963986095e-16,0.0,2.4646713489562266e-11,2.553831625340397e-11
OAI31xp33_ASAP7_75t_L,83,87480,5.731439967266751e-16,0.0,1.9864849348794067e-11,2.2624700724005464e-11
OAI31xp67_ASAP7_75t_L,83,189540,1.3024800218940959e-15,0.0,2.320951764112067e-11,1.5130131522655965e-11
OAI321xp33_ASAP7_75t_L,84,116640,6.360860091855173e-16,0.0,2.5948219267712958e-11,2.7141495648197456e-11
OAI322xp33_ASAP7_75t_L,85,131220,6.408510459698555e-16,0.0,2.8185618769493992e-11,2.928527212398002e-11
OAI32xp33_ASAP7_75t_L,86,102060,5.574569465435254e-16,0.0,2.1234869765351938e-11,2.4391834038683946e-11
OAI331xp33_ASAP7_75t_L,87,131220,6.980869680399599e-16,0.0,2.7561545060117432e-11,2.8781988944959203e-11
OAI332xp33_ASAP7_75t_L,88,145800,6.824769978550104e-16,0.0,2.9304579596267644e-11,3.0511260185051015e-11
OAI333xp33_ASAP7_75t_L,89,160380,6.818659694626849e-16,0.0,3.2567840785313606e-11,3.261325931536163e-11
OAI33xp33_ASAP7_75t_L,90,116640,5.814739834277699e-16,0.0,2.0903822076090428e-11,2.5330855468741476e-11
OR2x2_ASAP7_75t_L,91,87480,5.970789772941543e-16,8.792960248804604e-10,1.4020206870468677e-11,1.46097162145864e-11
OR2x4_ASAP7_75t_L,91,116640,5.967649927685189e-16,1.320660025783127e-9,1.7787698397553342e-11,1.8121495623524275e-11
OR2x6_ASAP7_75t_L,91,174960,1.1705100652503893e-15,2.1999599919553248e-9,1.5346933793236595e-11,1.4236909394449437e-11
OR3x1_ASAP7_75t_L,92,87480,6.844409496223379e-16,1.2054899301006117e-9,2.0702203840095024e-11,2.0702833544716803e-11
OR3x2_ASAP7_75t_L,92,102060,6.835950284058269e-16,1.4262099279349627e-9,2.1484080139910766e-11,2.1490103099819358e-11
OR3x4_ASAP7_75t_L,92,131220,6.837220304083558e-16,1.867660026633189e-9,2.7352464043728375e-11,2.7353340079083743e-11
OR4x1_ASAP7_75t_L,93,102060,6.864320064439776e-16,1.5337799919024064e-9,2.6134670816357897e-11,2.6117890836174773e-11
OR4x2_ASAP7_75t_L,93,116640,6.867420205026726e-16,1.754550060795168e-9,2.7666506238754884e-11,2.7649112166461265e-11
OR5x1_ASAP7_75t_L,94,116640,5.930150190923465e-16,1.3155899702965712e-9,3.040512286389685e-11,3.1505773684381566e-11
OR5x2_ASAP7_75t_L,94,131220,5.929800260437131e-16,1.5363700311965545e-9,3.293652156566296e-11,3.366051534725578e-11
SDFHx1_ASAP7_75t_L,95,364500,1.2014199915615933e-15,1.6040999639699294e-9,3.258347064383216e-11,3.4437071250170703e-11
SDFHx2_ASAP7_75t_L,95,379080,1.2007499885003151e-15,1.8248000888121396e-9,3.362543923857153e-11,3.487958533110458e-11
SDFHx3_ASAP7_75t_L,95,393660,1.1992100826022068e-15,2.045499991609745e-9,3.7785431034054184e-11,3.87501315757266e-11
SDFHx4_ASAP7_75t_L,95,451980,1.3964099406348486e-15,3.6171201589496604e-9,2.7463458590615275e-11,2.7332840851768125e-11
SDFLx1_ASAP7_75t_L,96,364500,1.5506600401648954e-15,1.4296500649990662e-9,3.236150236674007e-11,3.4543271021370003e-11
SDFLx2_ASAP7_75t_L,96,379080,1.5577199539011416e-15,1.6503299837822283e-9,3.394809086620931e-11,3.537298925992971e-11
SDFLx3_ASAP7_75t_L,96,393660,1.5572300512202734e-15,1.871010013587693e-9,3.847510157695133e-11,3.949843230266481e-11
SDFLx4_ASAP7_75t_L,96,451980,1.3963999879977184e-15,2.860480075028704e-9,2.693882096560518e-11,2.6806015740454825e-11
TAPCELL_ASAP7_75t_L,140,29160,NaN,NaN,NaN,NaN
TAPCELL_WITH_FILLER_ASAP7_75t_L,141,43740,NaN,NaN,NaN,NaN
TIEHIx1_ASAP7_75t_L,99,43740,None,1.2476999685165358e-12,None,None
TIELOx1_ASAP7_75t_L,100,43740,None,2.734319931932405e-12,None,None
XNOR2x1_ASAP7_75t_L,101,174960,1.7960700489399366e-15,0.0,2.1234585270701878e-11,1.4466865205786661e-11
XNOR2x2_ASAP7_75t_L,101,160380,1.1383599768252867e-15,0.0,2.3948735355938666e-11,2.1554832571601956e-11
XNOR2xp5_ASAP7_75t_L,101,131220,1.1396900303107128e-15,0.0,2.4854404992447066e-11,1.8619900760130648e-11
XOR2x1_ASAP7_75t_L,102,174960,1.7968400018889908e-15,1.0994000154695982e-9,2.4306516868688455e-11,1.5376507359055047e-11
XOR2x2_ASAP7_75t_L,102,160380,1.1398400610214952e-15,1.1851100101267775e-9,2.21849153630993e-11,2.068901126806022e-11
XOR2xp5_ASAP7_75t_L,102,131220,1.1508700181815223e-15,6.593670054400036e-10,2.904163368122603e-11,2.1002671823922014e-11
fakeregfile_32x46,142,102144000,2.499999956129175e-14,0.00012889999197795987,2.1799999305738282e-10,2.1799999305738282e-10
fakeram_32x46,143,68096000,2.499999956129175e-14,0.00012889999197795987,2.1799999305738282e-10,2.1799999305738282e-10
fakeram_256x64,144,702240000,2.499999956129175e-14,0.00012889999197795987,2.1799999305738282e-10,2.1799999305738282e-10
fakeram7_256x32,145,351120000,2.499999956129175e-14,0.00012889999197795987,2.1799999305738282e-10,2.1799999305738282e-10
