net_name,net_route_length,net_steiner_length,fanout,total_cap,net_cap,net_coupling,net_res
clk,12306,-1,1,1.8704651644555186e-15,1.2934231221055793e-15,0.2921017885673791,289.65056550502777
req_msg[0],1228,-1,1,6.930862972776074e-16,1.160443078672272e-16,0.023545607924461365,36.56816101074219
req_msg[10],1204,-1,1,7.069451856627862e-16,1.2990319625240604e-16,0.059073202311992645,26.327411651611328
req_msg[11],1156,-1,1,6.674453394147988e-16,9.040335000441864e-17,0.0,25.972248077392578
req_msg[12],1204,-1,1,6.716900332717269e-16,9.464804386134676e-17,0.0,26.838001251220703
req_msg[13],1410,-1,1,7.051944215003708e-16,1.281524320899906e-16,0.02251059003174305,39.80766296386719
req_msg[14],1422,-1,1,7.06495622926031e-16,1.2945363351565082e-16,0.02251059003174305,40.183109283447266
req_msg[15],1578,-1,1,7.129603901377126e-16,1.3591840072733246e-16,0.02251059003174305,45.063880920410156
req_msg[16],1108,-1,1,6.632555968203238e-16,8.621360740994365e-17,0.0,25.106496810913086
req_msg[17],1414,-1,1,7.099176360329384e-16,1.328756466225582e-16,0.03719622362405062,32.433021545410156
req_msg[18],1200,-1,1,7.31344922620512e-16,1.5430293321013182e-16,0.11947385780513287,24.817768096923828
req_msg[19],1314,-1,1,6.872667044739375e-16,1.1022471506355732e-16,0.012898518703877926,37.32603073120117
req_msg[1],1530,-1,1,7.035415955224816e-16,1.2649960611210145e-16,0.0,30.849315643310547
req_msg[20],1248,-1,1,6.705058282719062e-16,9.346383886152604e-17,0.0,26.319543838500977
req_msg[21],1332,-1,1,7.116875643157854e-16,1.3464557490540526e-16,0.06635676277801394,28.47063446044922
req_msg[22],1228,-1,1,6.952542251665455e-16,1.1821223575616538e-16,0.03813204076141119,26.783252716064453
req_msg[23],1126,-1,1,6.705509857159067e-16,9.350899630552654e-17,0.01305061113089323,25.454118728637695
req_msg[24],1126,-1,1,6.934501508680123e-16,1.1640816145763212e-16,0.056965697556734085,25.454118728637695
req_msg[25],2088,-1,1,7.717654936821648e-16,1.9472350427178465e-16,0.0293413158506155,53.63825225830078
req_msg[26],1336,-1,1,6.880988084654964e-16,1.1105681905511627e-16,0.0,39.413455963134766
req_msg[27],1240,-1,1,7.061064642263268e-16,1.2906447481594668e-16,0.055343542248010635,26.97672462463379
req_msg[28],1204,-1,1,6.881752002494269e-16,1.1113321083904676e-16,0.02979653887450695,28.633832931518555
req_msg[29],1740,-1,1,7.222627706622554e-16,1.452207812518752e-16,0.001769284950569272,45.95257568359375
req_msg[2],1188,-1,1,7.293302547554676e-16,1.5228826534508747e-16,0.1194073905935511,24.442323684692383
req_msg[30],1108,-1,1,6.703635796763267e-16,9.332159026594652e-17,0.00028637595823965967,28.422029495239258
req_msg[31],1410,-1,1,6.898346966117757e-16,1.1279270720139555e-16,0.006869285833090544,39.80766296386719
req_msg[3],1212,-1,1,6.641701806451216e-16,8.712819123474149e-17,0.0,25.193212509155273
req_msg[4],1176,-1,1,6.616363874625288e-16,8.459439805214865e-17,0.0,24.06688117980957
req_msg[5],1200,-1,1,6.648172079377055e-16,8.777521852732536e-17,0.0,24.817768096923828
req_msg[6],1120,-1,1,6.634910190401013e-16,8.644902962972115e-17,0.0,25.34589958190918
req_msg[7],1120,-1,1,6.763217153064318e-16,9.927972589605168e-17,0.029643777757883072,25.34589958190918
req_msg[8],1450,-1,1,6.887077192754539e-16,1.116657298650737e-16,0.0,41.956695556640625
req_msg[9],1470,-1,1,7.146304214723429e-16,1.3758843206196272e-16,0.0359084066003561,41.51483917236328
req_rdy,1404,-1,0,1.0810173286038283e-16,1.0810173286038283e-16,0.0013314599636942148,29.769262313842773
req_val,1120,-1,1,6.630330389134327e-16,8.599104950305259e-17,0.0,25.34589958190918
reset,1126,-1,1,6.790176094193055e-16,1.019756200089253e-16,0.024450447410345078,25.454118728637695
resp_msg[0],2604,-1,0,2.8395175488056556e-16,2.8395175488056556e-16,0.09401544055435807,49.663997650146484
resp_msg[10],1072,-1,0,1.1810888450171055e-16,1.1810888450171055e-16,0.059073202311992645,23.980165481567383
resp_msg[11],1036,-1,0,1.1166706658894359e-16,1.1166706658894359e-16,0.055343542248010635,23.33085060119629
resp_msg[12],1324,-1,0,1.1519604407522142e-16,1.1519604407522142e-16,0.03088721155654639,32.102996826171875
resp_msg[13],1170,-1,0,9.445459609457266e-17,9.445459609457266e-17,0.0,32.638877868652344
resp_msg[14],2412,-1,0,2.460355955461477e-16,2.460355955461477e-16,0.0,69.62682378292084
resp_msg[15],1146,-1,0,9.376190181473095e-17,9.376190181473095e-17,0.0,31.887989044189453
resp_msg[1],1584,-1,0,1.6949521027296655e-16,1.6949521027296655e-16,0.03428509458899498,35.902626037597656
resp_msg[2],1860,-1,0,2.0383127897669572e-16,2.0383127897669572e-16,0.07614623475819826,41.982704162597656
resp_msg[3],1614,-1,0,1.505524036685878e-16,1.505524036685878e-16,0.012898518703877926,44.440406799316406
resp_msg[4],1578,-1,0,1.5222358643863073e-16,1.5222358643863073e-16,0.008231393061578274,34.87423324584961
resp_msg[5],1452,-1,0,1.6062980610497842e-16,1.6062980610497842e-16,0.06025798246264458,32.47649002075195
resp_msg[6],1096,-1,0,1.0108399871793194e-16,1.0108399871793194e-16,0.02508142963051796,31.517120361328125
resp_msg[7],1066,-1,0,8.959129687090799e-17,8.959129687090799e-17,0.01305061113089323,30.976024627685547
resp_msg[8],1336,-1,0,1.1923494863063614e-16,1.1923494863063614e-16,0.029549281112849712,39.42351531982422
resp_msg[9],1260,-1,0,9.990539869394189e-17,9.990539869394189e-17,0.0,35.28466033935547
resp_rdy,1450,-1,1,7.033775358285103e-16,1.2633554641813013e-16,0.026078986120410264,41.956695556640625
resp_val,1330,-1,0,1.2031319510271126e-16,1.2031319510271126e-16,0.026483523659408092,39.3152961730957
_000_,900,-1,1,7.317604452206994e-16,1.1020745676725702e-16,0.017998325987719,31.306913375854492
_001_,522,-1,1,7.288742333924896e-16,1.0732124493904719e-16,0.04548888996941969,18.945602416992188
_002_,306,-1,1,6.599520624469136e-16,3.839907399347123e-17,0.008358471444807947,12.58438491821289
_003_,450,-1,1,6.970331531744572e-16,6.071214528563604e-17,0.029117110185325146,16.976348876953125
_004_,954,-1,1,7.329522205774862e-16,9.663121268866509e-17,0.001395380343637953,34.661224365234375
_005_,1242,-1,3,2.097793984421996e-15,2.0921798500475944e-16,0.06488466099835932,47.408345222473145
_006_,1548,-1,1,8.136817661099911e-16,1.7736075822116998e-16,0.03306063171476126,51.601924896240234
_007_,396,-1,1,7.381276977643284e-16,4.4614707639541694e-17,0.016258861869573593,15.148799896240234
_008_,342,-1,1,7.411699754130698e-16,4.7656985288283124e-17,0.0,13.654034614562988
_009_,270,-1,1,6.87137479009922e-16,5.081647112110087e-17,0.030478471948299557,11.62809944152832
_010_,864,-1,3,1.953376560981032e-15,1.0592655225183378e-16,0.01673915353603661,32.51826894283295
_011_,2304,-1,2,1.5112682435572422e-15,2.408602771779831e-16,0.0403514439240098,75.4889298081398
_012_,792,-1,1,7.758479807296937e-16,1.395269728408726e-16,0.10316827776841819,25.193456649780273
_013_,666,-1,1,6.814268358190927e-16,6.306980855475919e-17,0.00597901176661253,23.596290588378906
_014_,1152,-1,3,2.0226780438683005e-15,1.6410522199223222e-16,0.04442896996624768,43.441498160362244
_015_,918,-1,1,1.5026898115048058e-15,1.2379979447184677e-16,0.061164963990449905,30.995162963867188
_016_,1746,-1,3,2.089940294935054e-15,2.593902875694734e-16,0.10849478701129556,62.21705400943756
_017_,1548,-1,3,2.0898204397730175e-15,2.4237043104381913e-16,0.1254117624484934,54.27604627609253
_018_,198,-1,1,1.3965927938723371e-15,1.7702776839378064e-17,0.0,8.953973770141602
_019_,1584,-1,1,1.4840261816658862e-15,2.448161327998975e-16,0.11055873660370708,48.72575759887695
_020_,1266,-1,3,2.0045403156105073e-15,1.5709030688130891e-16,0.030890339985489845,46.29682159423828
_021_,828,-1,1,7.203409058444946e-16,8.401989795567342e-17,0.012356390245258808,28.80283546447754
_022_,540,-1,1,6.696236434573408e-16,5.1266616193007325e-17,0.0,20.01890754699707
_023_,126,-1,1,7.085575128778848e-16,1.5044522753098052e-17,0.005237215664237738,6.701310157775879
_024_,594,-1,1,7.190078877437531e-16,8.268687985493197e-17,0.03804654779378325,23.114492416381836
_025_,17949,-1,10,2.4337469024674277e-14,2.607145388792108e-15,0.9183773650438525,566.8517862558365
_026_,1944,-1,2,1.6341982410713772e-15,3.0854022136685144e-16,0.12193607375957072,66.69038486480713
_027_,1008,-1,1,8.029553114428771e-16,1.5446529883820863e-16,0.056917219208116876,38.769775390625
_028_,1548,-1,3,3.618081752438957e-15,2.414014253521602e-16,0.12477563228458166,51.747281312942505
_029_,522,-1,1,7.798190829446587e-16,8.630609281987198e-17,0.050549508072435856,19.05896759033203
_030_,1908,-1,3,2.9078420850673845e-15,2.569300803741733e-16,0.08795716947133769,64.72113168239594
_031_,2214,-1,4,2.8515929563808313e-15,4.1183101884506666e-16,0.2705585620351485,77.67029857635498
_032_,2574,-1,3,2.1891276413002958e-15,3.6481264345945407e-16,0.126580617739819,89.91824471950531
_033_,990,-1,2,1.4772577531426139e-15,1.5725876055869411e-16,0.05564014916308224,35.978633880615234
_034_,3852,-1,3,2.6691244836085995e-15,4.957633018302585e-16,0.15347607975127175,128.6880203485489
_035_,2448,-1,3,2.9951546647868314e-15,3.320737612568913e-16,0.14738726953510195,86.37651062011719
_036_,720,-1,2,1.2957789324901303e-15,8.24158822513698e-17,0.006943811313249171,26.635194182395935
_037_,2358,-1,3,2.2632222718778393e-15,4.013693149135288e-16,0.23122681921813637,82.82381474971771
_038_,4968,-1,3,2.910794841921513e-15,6.420048107231343e-16,0.29853612251463346,164.30918443202972
_039_,2484,-1,3,2.7382635479282318e-15,3.7584249474036276e-16,0.1874367049731518,83.41532254219055
_040_,576,-1,2,2.089392899892891e-15,7.480190308850089e-17,0.03392779373098165,22.863078117370605
_041_,2502,-1,5,3.973988903249216e-15,4.381815785594375e-16,0.1942645041654032,93.55231070518494
_042_,342,-1,1,6.880114052532516e-16,5.169039736443049e-17,0.01317079970613122,14.358905792236328
_043_,6336,-1,4,3.688426568159006e-15,7.906756101087355e-16,0.2260646264994648,211.17904782295227
_044_,9486,-1,8,1.058949579229012e-14,1.4441013895761731e-15,0.7102017383440398,293.9072216749191
_045_,972,-1,2,2.497132961360956e-15,1.8663291025740759e-16,0.11156693572411314,35.81224191188812
_046_,4320,-1,4,3.0946223790576143e-15,5.616095255674396e-16,0.11234331375453621,143.83316707611084
_047_,1674,-1,1,8.176263456057952e-16,1.6913633300112674e-16,0.014568895139746019,55.26798152923584
_048_,306,-1,1,6.854262606982315e-16,3.6936248093563055e-17,0.008854813873767853,12.499361991882324
_049_,792,-1,2,1.3602712799402439e-15,8.986331356098482e-17,0.021741748263593763,29.224295616149902
_050_,270,-1,1,1.1107945601063164e-15,3.187459095900817e-17,0.010147826047614217,11.20663833618164
_051_,414,-1,2,1.3511313709228963e-15,8.07234045436373e-17,0.04835451999679208,16.89132571220398
_052_,1206,-1,3,2.5975995392347887e-15,1.9641550552348432e-16,0.0958006464461505,44.51479983329773
_053_,666,-1,1,7.553705886529066e-16,7.165459335429993e-17,0.0005513970972970128,24.074432373046875
_054_,648,-1,1,7.013936258473631e-16,7.98406373939207e-17,0.011428995989263058,23.171175003051758
_055_,306,-1,1,6.685297004059619e-16,4.6976711952519514e-17,0.002899481914937496,12.527703285217285
_056_,990,-1,1,7.832500957766306e-16,1.6169710732318824e-16,0.0774263147613965,33.55592346191406
_057_,234,-1,1,6.6063556509578865e-16,3.908257664234625e-17,0.011178139306139201,10.388402938842773
_058_,414,-1,1,6.762288593195891e-16,5.467587086614668e-17,0.009045052109286189,16.020063400268555
_059_,162,-1,1,6.477354121277833e-16,2.6182423674340864e-17,0.004074371769092977,8.249102592468262
_060_,342,-1,1,6.64026343862766e-16,4.247335540932362e-17,0.006809552316553891,13.880763053894043
_061_,198,-1,1,6.567522366699829e-16,3.51992482165405e-17,0.01776245911605656,9.375434875488281
_062_,486,-1,1,7.114397012995951e-16,8.988671284615272e-17,0.031182283360976726,17.875953674316406
_063_,90,-1,1,6.324104155900256e-16,1.0857427136583232e-17,0.0005528067122213542,5.574977874755859
_064_,198,-1,1,6.50676786976683e-16,2.9123798523240626e-17,0.0020080119575140998,9.318753242492676
_065_,342,-1,1,6.889208010012475e-16,6.736781254780512e-17,0.030475487932562828,13.597352981567383
_066_,378,-1,1,6.883970170024891e-16,6.684402854904674e-17,0.022189381532371044,14.66700267791748
_067_,450,-1,1,6.964481710452597e-16,7.489518259181727e-17,0.009075170382857323,16.806303024291992
_068_,162,-1,1,6.44103387789516e-16,2.2550399336073628e-17,0.0,8.249102592468262
_069_,342,-1,1,6.72590641052895e-16,5.1037652599452647e-17,0.008230838924646378,13.597352981567383
_070_,306,-1,1,6.852443074332494e-16,6.369131897980703e-17,0.028627825900912285,12.527703285217285
_071_,126,-1,1,6.502948280570305e-16,2.874183960358814e-17,0.013773605227470398,7.179452896118164
_072_,306,-1,1,6.65301975481331e-16,4.3748987027888596e-17,0.0005797242047265172,12.527703285217285
_073_,270,-1,1,6.651896906762606e-16,4.36367022228182e-17,0.00843926629750058,11.458052635192871
_074_,270,-1,1,6.769608016651352e-16,5.54078132116928e-17,0.020850159751717,11.992877960205078
_075_,414,-1,1,6.82495103184258e-16,6.094211473081559e-17,0.004424530838150531,16.2714786529541
_076_,306,-1,1,6.710280770234477e-16,4.9475088570005276e-17,0.004526900140263024,12.527703285217285
_077_,468,-1,1,6.867141213549725e-16,6.516113290153005e-17,0.013913175906054676,18.017658233642578
_078_,234,-1,1,6.579192363130625e-16,3.6366247859620114e-17,0.006729893619194627,10.388402938842773
_079_,126,-1,1,6.491602274241834e-16,2.7607238970741004e-17,0.01434950903058052,7.179452896118164
_080_,360,-1,1,6.729850407689603e-16,5.143205231551793e-17,0.0,12.357657432556152
_081_,414,-1,1,6.927775537683332e-16,7.122456531489076e-17,0.02257579582510516,16.554887771606445
_082_,342,-1,1,6.875364315280788e-16,6.598344307463637e-17,0.01656723364521895,13.597352981567383
_083_,666,-1,1,7.223044870349076e-16,1.0075149858146523e-16,0.0035401075147092342,23.22420310974121
_084_,198,-1,1,6.495022169766373e-16,2.794922852319493e-17,0.0036566334310919046,9.318753242492676
_085_,90,-1,1,6.33286618234401e-16,1.1733629780958602e-17,0.0011289366520941257,5.574977874755859
_090_,1890,-1,2,1.6852236116930946e-15,2.4908157896403335e-16,0.06740888999775052,67.43090856075287
_091_,4446,-1,3,3.0073563861502664e-15,6.566074469755616e-16,0.19646236940752715,136.20588278770447
_093_,2790,-1,4,3.8163509895675074e-15,5.233223658021244e-16,0.21019042018451728,96.817941904068
_094_,3186,-1,3,3.729883325212947e-15,4.586698232458613e-16,0.1385312815928046,105.54518640041351
_099_,2964,-1,3,2.1447155862933847e-15,4.44263698637197e-16,0.22338085724368284,98.9344470500946
_100_,1458,-1,2,3.0710875686181536e-15,2.8910060346912844e-16,0.1636777223320678,50.475590109825134
_101_,27309,-1,12,1.1703183181669546e-14,3.89134220451972e-15,1.6939144551379286,812.8787342905998
_103_,270,-1,1,6.569796120767615e-16,3.862258481242796e-17,0.007959958515129983,11.514735221862793
_104_,1476,-1,1,8.095001762076334e-16,1.9114314894329992e-16,0.08917331660632044,48.938758850097656
_105_,162,-1,1,6.688354792999207e-16,2.0345466695252277e-17,0.0037314360961318016,6.474582195281982
_106_,2250,-1,1,8.877463270179071e-16,2.51425319129086e-16,0.030215886421501637,65.37995338439941
_107_,3366,-1,2,1.5509422080154495e-15,4.686101783983642e-16,0.03759877289212454,108.60877895355225
_108_,3546,-1,2,1.6416711892485282e-15,5.008331116569307e-16,0.0898837783606723,114.21209305524826
_109_,162,-1,1,6.720823154054241e-16,2.359230280075562e-17,0.006830488273408264,6.474582195281982
_110_,1890,-1,1,8.938921863249475e-16,2.454021737202791e-16,0.12460060289595276,62.25635766983032
_111_,7917,-1,2,1.9243652590210988e-15,1.0503312307489363e-15,0.3538786865537986,167.73839950561523
_112_,648,-1,1,1.2985928818200275e-15,9.968286063938552e-17,0.05228999239625409,22.972787857055664
_114_,720,-1,2,2.3047933783796595e-15,1.0378842933472712e-16,0.03800020972266793,27.141677856445312
_115_,5148,-1,1,1.8249413787053363e-15,7.46021409558028e-16,0.36455611343262717,140.66588878631592
_116_,1890,-1,1,1.6545785949361445e-15,2.7568857790318544e-16,0.13462867721682414,62.734501361846924
_117_,702,-1,1,1.4366131948059715e-15,1.0165316515381743e-16,0.013809250260237604,24.407217025756836
_118_,2232,-1,4,3.4599667474497072e-15,3.9645673557769066e-16,0.2305578884552233,77.81565642356873
_119_,2538,-1,1,1.0482068721172225e-15,4.1403388684307907e-16,0.2460858216509223,80.51446914672852
_120_,1530,-1,1,8.824368598067212e-16,2.4797387162726154e-16,0.14202228758949786,50.624603271484375
_121_,2016,-1,1,1.3174694345660632e-15,2.1427953626019592e-16,0.04765233537182212,66.10984134674072
_122_,198,-1,1,1.2744172909559689e-15,2.5857374780832026e-17,0.0093008455587551,8.953973770141602
_123_,3654,-1,2,1.4591662940595645e-15,5.646442857987742e-16,0.18311235040891916,117.4813836812973
_124_,35322,-1,20,1.9826127501884616e-14,4.985114155243303e-15,1.9795632988243597,1118.2000042796135
_127_,5382,-1,1,1.1381009965016637e-15,5.933119570799184e-16,0.18421134527307004,112.68686747550964
_128_,7092,-1,1,1.4209596024242384e-15,7.831505694053283e-16,0.15961899142712355,195.88174176216125
_129_,1566,-1,1,7.976458971712503e-16,1.9802386227164262e-16,0.02386212721467018,50.02213513851166
_130_,2430,-1,1,9.973893422049376e-16,3.9727835753652734e-16,0.2441373784095049,76.45528984069824
_131_,2322,-1,2,1.2302734277559822e-15,3.5623945242337887e-16,0.17181846034691262,79.25374054908752
_132_,648,-1,1,1.0414221382097156e-15,6.634914954961341e-17,0.01019774831365794,23.4545841217041
_133_,19899,-1,4,6.612170426261669e-15,2.7203496481267506e-15,1.0667192220134893,613.789826631546
_134_,504,-1,1,6.121358879041059e-16,8.773784319852777e-17,0.031920823152177036,19.05896759033203
_135_,41268,-1,17,1.8562378061503723e-14,5.1649536495054944e-15,1.799846674373839,1111.1474838852882
_137_,918,-1,1,7.660477036508431e-16,1.4769067638650954e-16,0.08730469644069672,31.902074813842773
_138_,19857,-1,9,8.792672095785364e-15,2.5533499027955136e-15,0.9110544598825072,609.3909699320793
_139_,1584,-1,1,8.113911243228195e-16,1.6290111171815102e-16,0.03742251172661781,52.682536602020264
_140_,306,-1,1,6.7476476287026e-16,3.8443754981438896e-17,0.0051215942949056625,10.753182411193848
_141_,738,-1,2,1.807117476154501e-15,1.0963952117612301e-16,0.05217630532570183,26.914950728416443
_142_,39585,-1,27,3.040758495150529e-14,5.825004920686355e-15,2.5610850924858823,1271.7707315683365
_144_,360,-1,1,6.709258507346259e-16,5.808883130843027e-17,0.024684603384230286,14.780366897583008
_145_,21951,-1,9,8.05266006735075e-15,2.978950500989383e-15,1.3238215809797111,597.8770679235458
_146_,414,-1,1,6.571545243803695e-16,6.374256447311591e-17,0.019151013810187578,17.7799072265625
_148_,1242,-1,1,7.828164149076364e-16,1.3393242610337634e-16,0.03702341765165329,42.63056945800781
_149_,648,-1,1,7.251319359524017e-16,1.1229491652620604e-16,0.06072838441468775,25.98700523376465
_150_,1782,-1,1,9.052882734764253e-16,3.118762606296125e-16,0.2266662023612298,59.525551319122314
_151_,909,-1,2,2.3057098680285886e-15,1.411057363754362e-16,0.03947635809890926,33.880019545555115
_152_,522,-1,1,5.669089872019362e-16,7.748000950948217e-17,0.04059389402391389,19.285694122314453
_153_,2358,-1,1,9.296725520828637e-16,3.5904355499526423e-16,0.14710956113412976,77.97833299636841
_154_,630,-1,1,6.3431343392471e-16,9.718241937909083e-17,0.04863880720222369,22.693031311035156
_155_,558,-1,1,6.18826177637994e-16,8.482817914559084e-17,0.039970371813979,20.128616333007812
_156_,3684,-1,4,4.520410281039439e-15,5.406933174844156e-16,0.12833524526286055,117.6356110572815
_157_,3063,-1,3,2.987182178929037e-15,4.246961787644386e-16,0.11280019548212294,91.76166105270386
_159_,1314,-1,3,2.0804859249360383e-15,2.588678799992543e-16,0.1423952571931295,49.604328751564026
_160_,648,-1,1,1.3614766078241867e-15,1.198566443441412e-16,0.03058943647192791,22.66103744506836
_161_,162,-1,1,6.739112712967829e-16,3.1931289226915004e-17,0.013970778556540608,8.305785179138184
_162_,2106,-1,3,2.830194151276109e-15,2.859320649716869e-16,0.10724784721969627,61.63258075714111
_163_,486,-1,1,6.789840457387705e-16,7.950500058857119e-17,0.05144962586928159,16.10143280029297
_164_,882,-1,1,7.366069559866517e-16,1.021439678071921e-16,0.030921882251277566,29.75546646118164
_165_,882,-1,1,7.539305267634559e-16,1.583534977034611e-16,0.07897326195961796,28.431255340576172
_166_,810,-1,1,7.679241992663666e-16,1.538562292095736e-16,0.07802510599140078,27.92791748046875
_167_,612,-1,1,7.683122991748866e-16,1.1942831037062653e-16,0.035083045788269374,22.126211166381836
_168_,30951,-1,12,1.3468120322874914e-14,3.860492417547771e-15,1.091458340223653,861.6619752645493
_170_,13161,-1,5,4.592982369894293e-15,1.740807501878698e-15,0.5925186081767606,377.60168528556824
_171_,3258,-1,6,5.5363737852282425e-15,5.048375657941938e-16,0.17210957596398657,116.38704490661621
_172_,900,-1,1,1.1395646694345191e-15,1.5839865514746159e-16,0.07429600728210062,31.306913375854492
_173_,450,-1,1,6.5165855110211e-16,9.549454741300902e-17,0.041655922192148864,16.976348876953125
_174_,4095,-1,3,3.4309601041709837e-15,5.618229778701477e-16,0.2189001283259131,132.13604354858398
_175_,216,-1,1,5.737096029772041e-16,3.2543588168661456e-17,0.0024671663995832205,10.5017671585083
_176_,1119,-1,2,1.2843332939112381e-15,2.1706426295341284e-16,0.11966097250115126,39.44497013092041
_177_,2430,-1,2,1.4471186268134113e-15,3.759286803427459e-16,0.14070509606972337,84.63033103942871
_178_,234,-1,1,4.635578386262291e-16,2.6540850959927442e-17,0.003973433864302933,8.613882064819336
_179_,5220,-1,5,4.113756115809754e-15,7.193692002353163e-16,0.2770277755425923,128.08106911182404
_181_,1170,-1,2,1.4400915356038713e-15,1.9248251979114579e-16,0.11184284882619977,39.892455101013184
_182_,684,-1,1,7.56828544113368e-16,1.0833853150869961e-16,0.01731927809305489,23.73068618774414
_183_,342,-1,1,7.034579510189402e-16,6.713694313011912e-17,0.03547231724951416,13.767398834228516
_184_,4986,-1,5,5.1525247115539585e-15,7.564770783798167e-16,0.23188883285183692,175.08339715003967
_185_,1584,-1,1,1.8030595530624423e-15,1.5247948303293013e-16,0.012520829914137721,51.75458878278732
_186_,2268,-1,1,8.490805435251692e-16,2.1275953563634807e-16,0.004701385740190744,73.96947622299194
_187_,504,-1,1,6.184475539105713e-16,8.403551512563842e-17,0.02348291699308902,19.00228500366211
_188_,126,-1,1,5.856741551154079e-16,1.523918151228893e-17,0.0010447524255141616,5.404932022094727
_189_,792,-1,1,6.310500806767352e-16,9.346410355932206e-17,0.01340004542726092,30.099212646484375
_190_,2217,-1,2,1.59659304870772e-15,3.7775308343201324e-16,0.21686458575277356,68.885085105896
_191_,5760,-1,3,3.228627014719744e-15,8.426580220817319e-16,0.2862593169356842,188.9248616695404
_192_,270,-1,1,7.046614789578702e-16,5.617146635320176e-17,0.034039437654428184,11.514735221862793
_193_,3204,-1,2,2.521160744975719e-15,4.711406893282864e-16,0.22508928181923693,108.65173530578613
_194_,2394,-1,2,2.2473755559841322e-15,2.956706145245064e-16,0.11166740109911188,81.82180786132812
_195_,1080,-1,1,1.1014083762595547e-15,1.1580941504304174e-16,0.02157877362333238,36.85720443725586
_196_,198,-1,1,6.815653257059688e-16,4.5244317817147656e-17,0.028581363381817937,9.432117462158203
_197_,3204,-1,1,2.1165388235447335e-15,4.659587535152214e-16,0.2304481798200868,105.09903717041016
_198_,558,-1,1,6.298995452365679e-16,9.548750645163497e-17,0.047013599309138954,21.031875610351562
_200_,4896,-1,3,4.509506849425908e-15,7.918767028279421e-16,0.4164815101539716,158.39776748418808
_201_,2160,-1,2,1.3853338201791961e-15,3.030017905621108e-16,0.02136647389852442,73.6997938156128
_202_,4626,-1,6,5.070978732139419e-15,7.514046215751843e-16,0.38163404987426475,160.98321795463562
_203_,5148,-1,6,4.855142031684814e-15,6.422271568717886e-16,0.16964337398530915,174.810952603817
_204_,72,-1,1,5.829027162515511e-16,1.2483677455752285e-17,0.008657919242978096,3.800457000732422
_205_,3600,-1,4,2.9335855339168108e-15,5.505305463755902e-16,0.2107392011967022,123.48512876033783
_206_,450,-1,1,5.185971925058663e-16,8.158023130934423e-17,0.03455658565508202,17.369468688964844
_207_,1530,-1,2,1.42658834811698e-15,2.3639937816126834e-16,0.11794340211781673,55.79915392398834
_208_,1404,-1,2,1.3829094001259175e-15,1.9510842780675252e-16,0.07756520906696096,49.575987219810486
_209_,1620,-1,1,6.234002084927264e-16,1.7613917789255167e-16,0.03215754427947104,53.86554777622223
_210_,342,-1,1,4.958033770765754e-16,4.854234647640068e-17,0.006783259566873312,14.2455415725708
_211_,990,-1,1,5.780895044683377e-16,1.4107251680203607e-16,0.024760299362242222,33.47090148925781
_212_,3402,-1,2,2.8024893976373155e-15,4.03119496740793e-16,0.1014075611019507,83.71403408050537
_214_,738,-1,1,1.4838643983729606e-15,1.0497438134000154e-16,0.0371813359670341,23.58898162841797
_215_,234,-1,1,5.910554613084329e-16,3.489145761933197e-17,0.007368440623395145,10.5017671585083
_216_,234,-1,1,1.4133292119980164e-15,3.443919496505738e-17,0.0064584005158394575,10.979909896850586
_217_,324,-1,1,6.334910708120445e-16,6.305609720892551e-17,0.0390264856396243,13.28925609588623
_218_,648,-1,1,6.542174905753244e-16,1.1663151345791124e-16,0.053459117421880364,23.819364547729492
_219_,540,-1,2,1.7241707160034394e-15,7.48317609998916e-17,0.025632902048528194,21.846455574035645
_220_,2088,-1,2,2.147143606236689e-15,3.2161269260006387e-16,0.0988117404813238,70.80259418487549
_221_,1260,-1,1,1.243030802732816e-15,2.439908050719166e-16,0.10988420280955324,41.695316314697266
_222_,180,-1,1,9.733975574904331e-16,2.671351333226931e-17,0.002669922774657607,7.009407043457031
_223_,1602,-1,4,3.306053872911786e-15,3.1681276864621057e-16,0.2018593955272081,57.18055474758148
_224_,1854,-1,1,7.112434014140689e-16,2.742264402175469e-16,0.046709821093827486,61.31379413604736
_225_,1332,-1,1,1.1346284790552763e-15,1.9056346077002276e-16,0.0880167381837964,43.891300201416016
_226_,270,-1,1,6.845046359120596e-16,4.252465384219171e-17,0.0088878259412013,11.514735221862793
_227_,432,-1,1,6.8162837672098e-16,8.214933157078071e-17,0.036558549385517836,17.146394729614258
_228_,432,-1,1,6.819769307787752e-16,8.63999017187804e-17,0.02586510870605707,16.77796173095703
_229_,648,-1,1,7.057641040969585e-16,9.169613404016552e-17,0.03577734623104334,22.859424591064453
_230_,702,-1,1,9.826506512853575e-16,7.886670832325587e-17,0.006784452125430107,22.519332885742188
_231_,1224,-1,1,7.170751173767964e-16,1.826630785918635e-16,0.04985847743228078,43.58320236206055
_232_,1458,-1,3,2.7929753118155183e-15,2.3374022410248187e-16,0.09797099478055316,52.14040160179138
_233_,3078,-1,4,3.1489686482281606e-15,3.838986251016984e-16,0.09060829581903818,107.07560360431671
_234_,594,-1,2,1.9607868287200864e-15,8.647571116755966e-17,0.020530193170998245,24.35418939590454
_235_,72,-1,1,5.877992549009506e-16,1.7380216105151785e-17,0.010613789781928062,3.800457000732422
_236_,738,-1,1,7.111245521036573e-16,7.666156392419771e-17,0.014398281462490559,26.327096939086914
_237_,1728,-1,3,2.4466487389134157e-15,2.619858082780974e-16,0.10223614613641985,63.90655183792114
_238_,1296,-1,1,8.124186282273981e-16,1.9835065817060517e-16,0.02082009392324835,44.78725051879883
_239_,2220,-1,1,7.407947927569954e-16,2.9353376215682063e-16,0.03148596649407409,48.1026725769043
_240_,180,-1,1,6.783235188585898e-16,2.983350625392132e-17,0.004916372825391591,9.375434875488281
_241_,216,-1,1,6.637503170010795e-16,2.7429309112258398e-17,0.001944496762007475,8.079056739807129
_242_,432,-1,1,4.834014912397924e-16,4.638453004327035e-17,0.003505125059746206,16.498205184936523
_243_,2592,-1,2,2.12243374934115e-15,3.59797784895235e-16,0.0592979000066407,84.28658294677734
_244_,648,-1,1,7.018751640778772e-16,6.741217589841756e-17,0.01652059191837907,23.4545841217041
_245_,594,-1,1,6.259542775264942e-16,6.979027383739321e-17,0.014826445374637842,19.310382843017578
_246_,612,-1,1,1.4419973597351934e-15,6.310734270223439e-17,0.014152692863717675,22.271570205688477
_248_,216,-1,1,1.1275228255398784e-15,2.43329272340111e-17,0.006946934328880161,8.079056739807129
_249_,378,-1,1,1.062275454096406e-15,6.527542940985018e-17,0.04072675807401538,15.092118263244629
_250_,702,-1,1,7.60640615892486e-16,7.692462059387937e-17,0.010742995887994766,25.14408302307129
_251_,270,-1,1,1.0078931860256013e-15,3.282019736549919e-17,0.0,11.571416854858398
_252_,2160,-1,1,1.2661175327431792e-15,2.064374934762788e-16,0.005331356427632272,70.64716339111328
_253_,2412,-1,1,1.5604848811992165e-15,3.1192496502407963e-16,0.015397948678582907,75.66539192199707
_254_,864,-1,1,7.716292801963345e-16,1.5879226077013882e-16,0.056250729598104954,30.095558166503906
_255_,558,-1,1,6.859502564552267e-16,9.253829654797311e-17,0.05544543401629198,18.240732192993164
_256_,630,-1,1,7.847734845322675e-16,1.358894957280074e-16,0.05012669967254624,22.66103744506836
_257_,540,-1,1,7.091623473417835e-16,9.632532791558788e-17,0.030389349907636642,20.043594360351562
_258_,504,-1,1,6.582843075133291e-16,6.487234760607554e-17,0.022557963500730693,16.63625717163086
_259_,1224,-1,1,8.326960146495148e-16,1.8381202584525475e-16,0.06447564280824736,43.02003479003906
_260_,576,-1,1,7.245333483564889e-16,1.1169632893029326e-16,0.045807335854988196,21.169925689697266
_261_,792,-1,1,7.304753903605962e-16,1.3706343045334266e-16,0.0549636366777122,29.982194900512695
_262_,477,-1,1,1.7179523295002904e-15,6.73722594707782e-17,0.012121086940169334,17.63688087463379
_263_,1260,-1,1,8.443459469873729e-16,1.9546195818311279e-16,0.09431768010836095,42.74028015136719
_264_,504,-1,1,7.130123238452911e-16,6.45223112406227e-17,0.012121086940169334,18.892574310302734
_265_,162,-1,1,1.6755077202716142e-15,2.331775824672682e-17,0.004432289395481348,7.742619037628174
_267_,1998,-1,1,9.141089569517763e-16,2.7964596877231673e-16,0.06287449171941262,65.70210647583008
_268_,234,-1,1,5.65034132712748e-16,3.0622093927815076e-17,0.005940498085692525,8.613882064819336
_269_,648,-1,1,7.410709784373595e-16,1.0660799025789987e-16,0.05399317271076143,23.76268196105957
_270_,1080,-1,1,6.921430731512805e-16,1.577310343663476e-16,0.03158870473271236,36.6551628112793
_271_,810,-1,1,7.457295537681397e-16,1.1126656558868011e-16,0.03554348756188119,29.001222610473633
_272_,954,-1,1,6.959388395461638e-16,1.6152680076123092e-16,0.029307360436177987,34.71059799194336
_273_,990,-1,1,1.804493368083907e-15,1.5230340605901964e-16,0.06334887212142348,35.978633880615234
_274_,270,-1,1,6.907817853259244e-16,5.63187971464648e-17,0.026345106191001832,12.106242179870605
_275_,738,-1,1,6.345634674628277e-16,1.0015142867789476e-16,0.0444104119669646,26.861921310424805
_276_,270,-1,1,6.855550626457734e-16,3.706505004110491e-17,0.024333151057362556,9.683531761169434
_277_,72,-1,1,1.6643594961363267e-15,1.2169534111439347e-17,0.0,3.800457000732422
_278_,3870,-1,2,2.2536090832012134e-15,4.909730128761802e-16,0.17978093668352813,120.9591269493103
_279_,1944,-1,1,1.7053795018268396e-15,3.264894847938805e-16,0.14387765940045938,49.95454788208008
_280_,450,-1,1,6.207044731985304e-16,6.454046950942947e-17,0.01074906752910465,17.20307731628418
_281_,468,-1,1,1.4521069097189103e-15,7.321689268595128e-17,0.005991279147565365,17.312786102294922
_283_,378,-1,1,6.729228367868963e-16,3.6601828898075216e-17,0.0016476372256875038,14.585634231567383
_284_,504,-1,1,1.1354601595303616e-15,5.65401903830534e-17,0.0023621998261660337,18.949256896972656
_285_,522,-1,1,1.444994903456408e-15,6.610488642344895e-17,0.0032952744513750076,19.05896759033203
_286_,450,-1,1,6.832507624523272e-16,4.6929754563506103e-17,0.01068330928683281,17.2597599029541
_287_,486,-1,1,1.158845468654632e-15,7.992549950732375e-17,0.017487988428911194,17.989316940307617
_288_,738,-1,1,1.4904832197019241e-15,1.1159320266896505e-16,0.056331006227992475,26.805240631103516
_289_,450,-1,1,6.987838643973134e-16,6.246285650849228e-17,0.007715618936344981,16.919666290283203
_290_,486,-1,1,1.1586321222310423e-15,7.971215308373407e-17,0.034199136309325695,18.524141311645508
_291_,414,-1,1,1.4716966642065342e-15,9.280664717357511e-17,0.07249819627031684,15.850016593933105
_294_,306,-1,1,6.735165010038032e-16,3.7195493114982074e-17,0.0014416740741580725,12.754430770874023
_295_,234,-1,1,1.1110382938368888e-15,3.2118324689580594e-17,0.008868173812516034,10.5017671585083
_296_,504,-1,1,1.4354028906034635e-15,5.651287357050444e-17,0.00834783146274276,18.949256896972656
_297_,486,-1,1,6.87543525429012e-16,5.12225175401909e-17,0.006869285833090544,18.102680206298828
_298_,648,-1,1,1.1780411410635457e-15,9.912117191623751e-17,0.01849701680475846,22.66103744506836
_299_,702,-1,1,1.4578516989254258e-15,7.896168189246676e-17,0.014319863403216004,24.57726287841797
_300_,486,-1,1,6.843096595155135e-16,4.7988651626692386e-17,0.0040042062173597515,18.329408645629883
_301_,882,-1,1,1.1697774876301328e-15,9.085751848282456e-17,0.002227361313998699,29.75546646118164
_303_,378,-1,1,1.4331215132391524e-15,5.423149620619339e-17,0.00863553024828434,14.723685264587402
_304_,864,-1,1,7.223556795886573e-16,8.603467169983618e-17,0.006869285833090544,29.81580352783203
_305_,612,-1,1,1.1778525703536632e-15,9.893260120635503e-17,0.02155352958743606,22.126211166381836
_306_,108,-1,1,1.391698425744865e-15,1.2808408711905903e-17,0.0005055100191384554,4.870107173919678
_307_,486,-1,1,6.869890894254749e-16,5.0668081536653755e-17,0.0,18.102680206298828
_308_,324,-1,1,1.1192298435906667e-15,4.0309874443358526e-17,0.0,13.034187316894531
_309_,666,-1,1,1.485267402570969e-15,1.0637738553800988e-16,0.053310353541746736,23.564294815063477
_310_,504,-1,1,7.132390639773593e-16,7.691805608853815e-17,0.015412239299621433,18.382436752319336
_311_,504,-1,1,1.136634147195256e-15,5.771417804794786e-17,0.010343373287469149,18.949256896972656
_312_,882,-1,1,1.5156080168624996e-15,1.3671799982954052e-16,0.07759567769244313,30.662378311157227
_313_,396,-1,1,6.900336434752621e-16,5.371263558644093e-17,0.0025444162893109024,15.173486709594727
_314_,324,-1,1,1.136478504891198e-15,5.755853574388988e-17,0.017841744353063405,13.034187316894531
_315_,612,-1,1,1.4903258833319716e-15,1.1143586629901257e-16,0.07033548504114151,22.3282527923584
_316_,324,-1,1,6.900534428704041e-16,5.3732434981583e-17,0.012508826330304146,13.034187316894531
_317_,324,-1,1,1.1240083799626019e-15,4.508841081529366e-17,0.003910775383701548,13.034187316894531
_318_,828,-1,1,1.4824208424726024e-15,1.035308254396434e-16,0.0012461674632504582,30.20892333984375
_319_,432,-1,1,6.876320403720001e-16,5.131103248317897e-17,0.007439827313646674,16.77796173095703
_320_,522,-1,1,1.1456074024802313e-15,6.66874333329231e-17,0.01980907845427282,19.172330856323242
_321_,828,-1,1,1.5115205534964055e-15,1.3263053646344648e-16,0.05832450761226937,28.689470291137695
_322_,468,-1,1,6.929772947252076e-16,5.665628683638644e-17,0.016324017762599397,17.401464462280273
_323_,612,-1,1,1.1588601858520905e-15,7.994021670478229e-17,0.02298490807879716,22.693031311035156
_324_,990,-1,1,1.4897567830705351e-15,1.1086676603757608e-16,0.033429641160182655,33.87133026123047
_325_,684,-1,1,7.188325519236715e-16,8.251154403485033e-17,0.02364170551300049,24.29750633239746
_326_,540,-1,1,1.1374751450327612e-15,5.855517588545297e-17,0.008761665900237858,20.01890754699707
_327_,846,-1,1,1.5170883128169449e-15,1.3819829578398581e-16,0.08277716266456991,29.706092834472656
_328_,1044,-1,1,7.256473555008059e-16,8.93263476119848e-17,0.0,35.90092086791992
_329_,234,-1,1,1.113149735216157e-15,3.422976606884875e-17,0.007353541906923056,10.5017671585083
_330_,432,-1,1,1.4819931967133574e-15,1.0310317968039839e-16,0.08062430564314127,16.75327491760254
_331_,954,-1,1,7.50459703382963e-16,1.1413869549414184e-16,0.04375228052958846,32.234859466552734
_332_,612,-1,1,1.1653393526238755e-15,8.641938347656725e-17,0.035705797374248505,19.84520721435547
_333_,108,-1,1,1.3905509078595722e-15,1.1660890826613139e-17,0.0,4.870107173919678
_334_,2178,-1,2,3.039704786164145e-15,3.5823860899757663e-16,0.21918674872722477,72.78646475076675
_335_,10947,-1,6,7.208067422017489e-15,1.3828854714451576e-15,0.39505700217705453,333.3385810852051
_336_,3078,-1,3,2.76923234302927e-15,5.245603044545365e-16,0.2744424816173705,102.31155049800873
_337_,4896,-1,4,3.4818151152911847e-15,5.697230424109518e-16,0.10218138932577858,165.0104015469551
_338_,3150,-1,4,3.7831125696843014e-15,4.39921172474861e-16,0.1350761911016889,108.22296440601349
_339_,0,-1,0,0.0,0.0,0.0,0.0
_340_,4014,-1,5,4.3990944106854155e-15,4.920355098293923e-16,0.12288224801886827,136.5403517484665
_341_,2952,-1,3,2.671589773001583e-15,3.547988081987769e-16,0.015440880961250514,95.77297687530518
_342_,0,-1,0,0.0,0.0,0.0,0.0
_343_,5886,-1,4,3.654925991578625e-15,7.722157975727489e-16,0.29385098167767865,173.83117163181305
_344_,3816,-1,4,3.8770358180405945e-15,5.338448443476277e-16,0.1577045531012118,128.01149082183838
_345_,0,-1,0,0.0,0.0,0.0,0.0
_346_,4644,-1,4,3.4281879770928572e-15,6.038569878776424e-16,0.13105199558776803,154.92469918727875
_347_,2070,-1,3,2.5675165288383418e-15,2.5072556403553554e-16,0.04384912259411067,72.47106176614761
_348_,0,-1,0,0.0,0.0,0.0,0.0
_349_,4680,-1,5,4.917202865180716e-15,7.612806022236959e-16,0.35438424022868276,158.98561918735504
_350_,1350,-1,3,2.0727980421485215e-15,2.3503597275354414e-16,0.1451668811205309,48.311604499816895
_351_,0,-1,0,0.0,0.0,0.0,0.0
_352_,4482,-1,5,4.468879761143803e-15,6.342976579360674e-16,0.16507799935061485,149.68424654006958
_353_,2412,-1,3,2.9140872589874904e-15,3.77615334698966e-16,0.15137609839439392,81.97723841667175
_354_,0,-1,0,0.0,0.0,0.0,0.0
_355_,6822,-1,4,3.838935429040149e-15,8.690682976188841e-16,0.18294084182707593,222.34272915124893
_356_,1764,-1,3,2.5673066764256595e-15,2.505157116228533e-16,0.05605490243760869,61.96198499202728
_357_,0,-1,0,0.0,0.0,0.0,0.0
_358_,5598,-1,4,3.766441267216442e-15,8.50071889710812e-16,0.2917816246917937,184.1223930120468
_359_,1692,-1,3,2.5866893313576797e-15,2.6989836655487345e-16,0.07986907046870328,61.37413287162781
_360_,0,-1,0,0.0,0.0,0.0,0.0
_361_,5238,-1,4,3.670955666588939e-15,7.588635937087057e-16,0.29066631448222324,174.3894922733307
_362_,1026,-1,3,2.4519964814259058e-15,1.3520551662309956e-16,0.03893141000298783,40.26088762283325
_363_,0,-1,0,0.0,0.0,0.0,0.0
_364_,5346,-1,4,3.617567603439974e-15,6.477006837769458e-16,0.15684214665088803,174.9736865758896
_365_,2160,-1,3,2.5973225594610365e-15,2.805315946582303e-16,0.05951364680186089,75.81440675258636
_366_,0,-1,0,0.0,0.0,0.0,0.0
_367_,3060,-1,4,3.1477567558388765e-15,4.101126007533245e-16,0.137093624798581,106.5974600315094
_368_,1800,-1,3,3.3359702295758607e-15,3.2653035413358553e-16,0.19449690892361104,63.991574227809906
_369_,0,-1,0,0.0,0.0,0.0,0.0
_370_,3996,-1,5,4.8755343498899616e-15,5.57561978628985e-16,0.143537922995165,136.9087827205658
_371_,1728,-1,3,2.600560554660153e-15,2.837695898573467e-16,0.08894289570162073,61.68222749233246
_372_,0,-1,0,0.0,0.0,0.0,0.0
_373_,6624,-1,5,5.214436890767617e-15,8.78356649160238e-16,0.2554781634826213,218.67756444215775
_374_,1494,-1,3,2.5636174244238934e-15,2.468264596210872e-16,0.07217428914736956,54.393064856529236
_375_,0,-1,0,0.0,0.0,0.0,0.0
_376_,2304,-1,4,3.8995139548783555e-15,4.008028616300525e-16,0.17781419068342075,82.4590368270874
_377_,0,-1,0,0.0,0.0,0.0,0.0
_378_,7254,-1,5,5.226193284559033e-15,9.124353257271203e-16,0.2150916734826751,240.97016656398773
_379_,1080,-1,3,2.4650240599129137e-15,1.482330951101075e-16,0.0339538802872994,40.73903131484985
_380_,0,-1,0,0.0,0.0,0.0,0.0
clknet_0_clk,16149,-1,4,4.369536772474503e-15,2.0613688148329824e-15,0.8300565395247759,420.3747956752777
clknet_2_0__leaf_clk,12780,-1,9,6.309717830686734e-15,1.6120866577415405e-15,0.4934938973165117,415.0369453430176
clknet_2_1__leaf_clk,12150,-1,9,6.401707726340919e-15,1.7040765533957256e-15,0.3509423366012925,397.3484171628952
clknet_2_2__leaf_clk,12978,-1,9,6.719207862223827e-15,2.021576689278633e-15,0.7362616999434977,420.1054410338402
clknet_2_3__leaf_clk,13248,-1,9,6.333683780896347e-15,1.6727172761060033e-15,0.4214818937762175,392.45459163188934
dpath.a_lt_b$in0\[0\],1497,-1,2,1.784222387348454e-15,2.3933837073000395e-16,0.11102264546934748,49.50508689880371
dpath.a_lt_b$in0\[10\],1530,-1,2,1.8690616308619182e-15,2.5686972927668143e-16,0.08489435067167506,54.393065452575684
dpath.a_lt_b$in0\[11\],900,-1,2,1.839938732311184e-15,1.6569171470243952e-16,0.0767885805980768,35.01245069503784
dpath.a_lt_b$in0\[12\],162,-1,1,1.0977651816742955e-15,3.3715193553391764e-17,0.01599378022365272,8.249102592468262
dpath.a_lt_b$in0\[13\],756,-1,2,2.4182733469386335e-15,1.150133099517411e-16,0.06590518297161907,25.221798300743103
dpath.a_lt_b$in0\[14\],612,-1,1,1.1552420846178938e-15,9.119209649699001e-17,0.014810673543252051,22.579668045043945
dpath.a_lt_b$in0\[1\],792,-1,2,2.747410656725631e-15,1.3802359523861461e-16,0.0657602139399387,29.139273166656494
dpath.a_lt_b$in0\[2\],1512,-1,2,1.8688045563624266e-15,2.5661254889807134e-16,0.11301662848563865,42.28429889678955
dpath.a_lt_b$in0\[3\],1800,-1,2,1.8663466785077314e-15,2.5415467104337617e-16,0.10049265110865235,50.231207847595215
dpath.a_lt_b$in0\[4\],2196,-1,2,1.950708407197181e-15,3.385163997328259e-16,0.08794905518880114,73.5900844335556
dpath.a_lt_b$in0\[5\],1116,-1,2,1.829683916177013e-15,1.6601189315650165e-16,0.07453959668055177,40.99410092830658
dpath.a_lt_b$in0\[6\],1710,-1,2,1.9261192524966256e-15,2.624472294761142e-16,0.14085708186030388,60.113402366638184
dpath.a_lt_b$in0\[7\],918,-1,2,1.782893180895975e-15,1.1922115787546365e-16,0.05346781073603779,33.19479942321777
dpath.a_lt_b$in0\[8\],2610,-1,2,2.0782777100425464e-15,4.1460568702203493e-16,0.19643650967918802,88.15468406677246
dpath.a_lt_b$in0\[9\],2034,-1,2,2.4386679944843857e-15,2.1827086138677659e-16,0.05536076030693948,66.15921533107758
dpath.a_lt_b$in1\[0\],288,-1,1,1.0950325475073347e-15,3.0982559386430984e-17,0.003285815007984638,10.21835708618164
dpath.a_lt_b$in1\[10\],864,-1,1,1.2521080313120667e-15,1.8805804319116295e-16,0.14819300454109907,27.3327579498291
dpath.a_lt_b$in1\[11\],972,-1,2,1.7357399155135123e-15,1.5480988242906352e-16,0.06487344481502078,38.458025336265564
dpath.a_lt_b$in1\[12\],756,-1,2,1.7209854486052896e-15,1.4005541552084087e-16,0.06579960421186115,29.985848784446716
dpath.a_lt_b$in1\[13\],72,-1,1,1.075058663578131e-15,1.1008675457227328e-17,0.0,3.800457000732422
dpath.a_lt_b$in1\[14\],1044,-1,2,1.6939328044567633e-15,1.1300277137231462e-16,0.005712662590667605,37.562076568603516
dpath.a_lt_b$in1\[15\],72,-1,1,1.0768822196344512e-15,1.283223151354743e-17,0.003816270036622882,3.800457000732422
dpath.a_lt_b$in1\[1\],72,-1,1,1.0797695431934043e-15,1.5719555072500526e-17,0.0034816469997167587,3.800457000732422
dpath.a_lt_b$in1\[2\],72,-1,1,1.0769308181497999e-15,1.2880830028896145e-17,0.0,3.800457000732422
dpath.a_lt_b$in1\[3\],72,-1,1,1.076828009525827e-15,1.2778021404923155e-17,0.0026118808891624212,3.800457000732422
dpath.a_lt_b$in1\[4\],126,-1,1,1.0806076822947124e-15,1.6557694173808656e-17,0.007048301980830729,6.701310157775879
dpath.a_lt_b$in1\[5\],864,-1,2,1.7319174675807904e-15,1.5098743449634168e-16,0.0796551558887586,31.89842128753662
dpath.a_lt_b$in1\[6\],1206,-1,2,1.7400705832145867e-15,1.5914055013013795e-16,0.053155652289206046,42.98804223537445
dpath.a_lt_b$in1\[7\],1008,-1,2,1.728887948365817e-15,1.4795791528136827e-16,0.04053182841744274,35.86892318725586
dpath.a_lt_b$in1\[8\],702,-1,2,1.6962111113266406e-15,1.1528107824219187e-16,0.033845577389001846,25.505208373069763
dpath.a_lt_b$in1\[9\],72,-1,1,1.0771269062770893e-15,1.3076918156185516e-17,0.003816270036622882,3.800457000732422
net1,1782,-1,1,1.2165319063735572e-15,1.5608191415760267e-16,0.015298252925276756,58.990726470947266
net10,432,-1,1,7.069836727223271e-16,7.281068744818364e-17,0.011025612417142838,16.976348876953125
net100,846,-1,4,2.4727845757756576e-15,1.2430949654785705e-16,0.031238034483976662,33.13446319103241
net101,126,-1,1,1.6651855650181365e-15,1.2175569221188533e-17,0.0,6.138144016265869
net102,1116,-1,3,2.282915364385028e-15,1.526444426994079e-16,0.04853072436526418,44.511146903038025
net103,198,-1,1,5.850642913933848e-16,3.836132808775921e-17,0.013209503144025803,9.375434875488281
net104,1044,-1,1,8.484181108208571e-16,2.0658715361014678e-16,0.09339809254743159,35.443809509277344
net105,720,-1,2,1.9807179374854537e-15,1.3138793912982442e-16,0.02394535904750228,27.757871985435486
net106,26616,-1,11,1.7123790856414176e-14,3.4924811659212476e-15,1.2373099136257224,806.555130302906
net107,486,-1,1,1.1445403527249277e-15,6.56203835776195e-17,0.025863538729026914,17.989316940307617
net108,1638,-1,3,2.2954622516744693e-15,2.698121809524903e-16,0.14607707795221359,59.93970263004303
net109,2736,-1,4,2.822933808368719e-15,4.680737947845154e-16,0.25701296341139823,96.85359019041061
net11,378,-1,1,6.855480746239585e-16,5.137508934981508e-17,0.008423038030741736,14.752025604248047
net110,72,-1,1,1.3400835201918585e-15,1.1773546208597961e-17,0.0012637750478461385,3.800457000732422
net111,594,-1,1,7.283007391476392e-16,1.281256976125929e-16,0.07173099787905812,21.42499542236328
net112,576,-1,1,2.3085156646663685e-15,1.155856924658482e-16,0.049468830693513155,20.52173614501953
net113,2295,-1,3,3.1430840985853482e-15,3.084010962052649e-16,0.08185115200467408,79.23774099349976
net114,2628,-1,2,1.5303774127264176e-15,3.554134364811283e-16,0.15178918094989058,87.28707695007324
net115,1818,-1,2,1.5241060866640651e-15,3.2375600359397247e-16,0.1298834146000445,60.48904073238373
net116,2448,-1,1,9.906510892304112e-16,3.4216107662574276e-16,0.005582490935921669,77.0467962026596
net117,1854,-1,2,2.451508802206524e-15,3.568407928763702e-16,0.19494559469967498,64.52274644374847
net118,576,-1,1,7.16271018412056e-16,9.791399114772253e-17,0.060004197410307825,21.031875610351562
net119,360,-1,1,6.785436415457575e-16,3.8603632450233145e-17,0.0,14.358905792236328
net12,738,-1,1,1.1350476544850488e-15,7.45976622690942e-17,0.001361552975140512,25.335161209106445
net120,1548,-1,1,8.95746553204724e-16,2.022335630799373e-16,0.004105546046048403,50.44724881649017
net121,1674,-1,1,9.773838004193303e-16,2.8387081029454357e-16,0.17580895001992758,56.734405517578125
net122,972,-1,1,8.854510794890848e-16,1.9193808936429808e-16,0.13252191990613937,33.64825439453125
net123,774,-1,1,8.064500105645707e-16,1.12937020439784e-16,0.04541040645563044,26.54651641845703
net124,2106,-1,1,1.0352782906059249e-15,3.417653004811382e-16,0.17610849065931689,70.07303810119629
net125,1818,-1,1,1.0066344950659814e-15,3.1312155788075394e-16,0.1528708575060591,62.54983711242676
net126,2160,-1,1,1.036588332937972e-15,3.4307539575274457e-16,0.1748142389114946,71.02566909790039
net127,1188,-1,1,8.855681288544835e-16,1.9205513872969679e-16,0.06309574225451797,39.21592330932617
net128,666,-1,1,8.138100916015001e-16,1.2029710147671343e-16,0.0857667057425715,23.337566375732422
net129,990,-1,1,8.352457426394279e-16,1.417327525146412e-16,0.06507312034955248,33.077781677246094
net13,468,-1,1,6.935920818262366e-16,5.941909655209315e-17,0.007642707816557959,17.567855834960938
net130,1206,-1,1,8.516927931345015e-16,1.5817980300971476e-16,0.05892444966593757,40.491268157958984
net131,882,-1,1,8.635639069507113e-16,1.7005091682592457e-16,0.11693425476551056,30.83242416381836
net132,990,-1,1,8.896706799949505e-16,1.96157742809723e-16,0.10956729226745665,35.69887924194336
net133,972,-1,1,8.401499575249119e-16,1.4663696740012519e-16,0.07036780618363991,34.625572204589844
net134,198,-1,1,7.323274278997678e-16,3.881443777498106e-17,0.018631706247106194,9.375434875488281
net135,270,-1,1,7.31065137050122e-16,3.755214692533534e-17,0.012508911662735045,11.514735221862793
net136,198,-1,1,7.220290954479316e-16,2.851610532314487e-17,0.011006813729181886,9.375434875488281
net137,1332,-1,1,8.992500932328046e-16,2.057371031080179e-16,0.10287410533055663,44.08603286743164
net138,306,-1,1,7.399124491237524e-16,4.639945899896571e-17,0.010332453530281782,12.58438491821289
net139,1242,-1,1,8.708646427417737e-16,1.77351652616987e-16,0.07326626724898233,40.565330505371094
net14,2304,-1,1,1.033338691035831e-15,3.9916570576168753e-16,0.216597464386723,52.60798358917236
net140,1152,-1,1,8.540978373091116e-16,1.6058484718432494e-16,0.07865503401262686,38.99650573730469
net141,1206,-1,1,8.877070458649782e-16,1.941940557401915e-16,0.11257678270339966,40.345909118652344
net142,126,-1,1,7.16609884530517e-16,2.3096894405730262e-17,0.01566027384251356,6.701310157775879
net143,2268,-1,1,1.0570015093294455e-15,3.634885192046588e-16,0.2130295136012137,74.63870239257812
net144,2538,-1,1,9.40499009577313e-16,2.46985966512967e-16,0.021291117649525404,57.845218658447266
net145,756,-1,1,8.26455022954586e-16,1.3294203282979925e-16,0.06675203470513225,26.66353416442871
net146,2286,-1,3,2.201495169363156e-15,3.709451619975752e-16,0.0829120697453618,77.05044972896576
net147,2358,-1,3,2.3531013614274668e-15,4.2017344634257426e-16,0.18383797473507002,81.80719125270844
net148,1569,-1,2,2.1987785229430745e-15,2.8007059697668715e-16,0.15438003081362695,47.52492618560791
net149,1134,-1,1,7.545694013639224e-16,1.362123740995889e-16,0.03980863377546484,38.4616813659668
net15,3150,-1,1,9.001909350789673e-16,2.660179498048239e-16,0.009603164915461093,101.76300120353699
net150,3675,-1,4,3.0239044453243e-15,5.774166426708626e-16,0.1776825594879483,116.57543790340424
net151,2415,-1,2,1.6479340449814081e-15,4.334190299343818e-16,0.20493505700142123,76.84712409973145
net152,1152,-1,1,8.323599543276917e-16,1.9455097424834079e-16,0.0956313549540937,38.426029205322266
net153,882,-1,1,7.587189098934028e-16,1.4036188262906931e-16,0.035139227796207706,32.09315490722656
net154,34773,-1,19,2.1912383203499114e-14,4.7188713711305424e-15,1.7773287674745006,1000.0786163806915
net155,774,-1,1,8.14819172539476e-16,1.2130618241468932e-16,0.06857944611692801,27.396747589111328
net156,1116,-1,1,1.5959138341631405e-15,2.1702381713018144e-16,0.1631148848682642,36.56648635864258
net157,702,-1,1,1.0860781387054359e-15,9.060107925804332e-17,0.035629832185804844,24.350534439086914
net158,4140,-1,1,1.0537447735263711e-15,4.114917292101321e-16,0.0697115043294616,127.73144626617432
net159,1638,-1,1,1.877272344736128e-15,2.2669227470661565e-16,0.0973551573115401,53.46877670288086
net16,3150,-1,1,9.363293840153352e-16,3.021563987411918e-16,0.06655835259971354,102.29782605171204
net160,2574,-1,2,2.280737007402927e-15,3.3407000615533287e-16,0.09784878412028775,85.983389377594
net161,468,-1,1,6.434706541779171e-16,6.642866476753691e-17,0.0056894689332693815,17.312786102294922
net162,1368,-1,1,1.6175256680540972e-15,2.386356510211381e-16,0.07947908091591671,46.78849792480469
net163,1314,-1,1,1.3312717305624536e-15,2.523517614151454e-16,0.15584202983882278,45.892547607421875
net164,1296,-1,1,7.764637207427884e-16,1.3652371164726406e-16,0.02155417704489082,42.84999084472656
net165,828,-1,1,1.1582389930643979e-15,1.627619336170053e-16,0.06373663246631622,28.600793838500977
net166,684,-1,1,7.80771783252083e-16,1.3228177064741452e-16,0.09924516594037414,24.665939331054688
net168,450,-1,1,7.495394020857712e-16,6.582340678716451e-17,0.01162079512141645,16.806303024291992
net169,1728,-1,2,2.0965359287370864e-15,2.472059303814571e-16,0.08792564965551719,56.81628179550171
net17,2574,-1,1,8.511372454002211e-16,2.1696426012607762e-16,0.02375129738356918,83.79836964607239
net18,450,-1,1,7.132326053511365e-16,7.905962007699304e-17,0.04280765965813771,17.454492568969727
net19,2106,-1,1,8.173924056936754e-16,1.8321942041953196e-16,0.02462227933574468,69.15605092048645
net2,1746,-1,1,1.195560217632488e-15,1.3511022541653345e-16,0.0016476372256875038,57.38625144958496
net20,2088,-1,1,8.12057845131427e-16,1.7788485985728358e-16,0.019877027836628258,68.08640098571777
net21,2106,-1,1,8.059147916210244e-16,1.7174180634688097e-16,0.00422543646163831,69.15605092048645
net22,774,-1,1,7.434063012124988e-16,1.0923331593835537e-16,0.02129768719896674,26.996318817138672
net23,468,-1,1,1.1240611077635685e-15,6.361111554761389e-17,0.02306383103132248,17.312786102294922
net24,2268,-1,1,8.362770581922692e-16,2.021040729181258e-16,0.003913277614628896,73.96947622299194
net25,504,-1,1,1.1594124513337003e-15,6.964251952765654e-17,0.010789469815790653,18.382436752319336
net26,360,-1,1,1.1120352516158071e-15,5.158525939985255e-17,0.014337403699755669,14.103837013244629
net27,414,-1,1,1.1431139492417515e-15,8.26639570257969e-17,0.022011277615092695,16.24313735961914
net28,1548,-1,1,1.278244503449019e-15,2.1779451123306445e-16,0.016712049837224185,49.402286529541016
net29,1530,-1,1,1.1829622966079748e-15,1.2251230439202024e-16,0.0,51.13474237918854
net3,2088,-1,1,1.2464915675970602e-15,1.8604157538110568e-16,0.048815418034791946,68.08640098571777
net30,1530,-1,1,1.2723516952349708e-15,2.1190170301901628e-16,0.1230958104133606,51.13474237918854
net31,1494,-1,1,1.1801991692549129e-15,1.197491770389583e-16,0.0,50.00840985774994
net32,324,-1,1,1.107750217814766e-15,4.7300225598811453e-17,0.02251059003174305,11.288006782531738
net33,2880,-1,2,2.0867389339109064e-15,3.4016112595815695e-16,0.11096312495646998,96.46047306060791
net34,3294,-1,3,2.6613881081848523e-15,3.8523016089478217e-16,0.11862991622183472,110.59995555877686
net35,1242,-1,2,1.9482134716510436e-15,1.7591254363960194e-16,0.10788902407512069,42.82530176639557
net36,62646,-1,56,5.0182012950421295e-14,7.877812985279675e-15,1.9533776240314182,2071.297963500023
net37,5904,-1,3,2.51873103096652e-15,9.046250466787252e-16,0.45404813293134794,193.49783074855804
net38,8298,-1,2,1.8820731157229284e-15,8.577701486519327e-16,0.2056376920081675,214.09259557724
net39,6966,-1,2,1.946686271247144e-15,8.320582517797916e-16,0.24270215692922648,226.74289178848267
net4,1800,-1,1,1.2037728373308289e-15,1.4332284511487433e-16,0.0014416740741580725,59.58223271369934
net40,4482,-1,2,1.4894844619779929e-15,4.651814949069972e-16,0.08029123116284609,148.36041420698166
net41,828,-1,1,7.75337378681177e-16,8.182438855639028e-17,0.0,26.263107299804688
net42,4158,-1,2,1.618520402371529e-15,4.778933418629161e-16,0.05931811360642314,128.4982972741127
net43,72,-1,1,7.018421827324935e-16,8.329192607706756e-18,0.0,3.800457000732422
net44,4584,-1,2,1.6848337647791208e-15,5.081696875295738e-16,0.0725280730985105,97.52089881896973
net45,3204,-1,2,1.4110906097975417e-15,3.86787642726546e-16,0.10300087841460481,102.69370687007904
net46,3669,-1,2,1.5481364113776696e-15,5.238334443066739e-16,0.18808799660291697,94.43301582336426
net47,3132,-1,2,1.4329751882975143e-15,4.0867222122651856e-16,0.11746000545099378,100.1842292547226
net48,4542,-1,2,1.807819454709538e-15,6.931914352421853e-16,0.27645602176198736,111.85638558864594
net49,5652,-1,2,1.7078373796815347e-15,5.932093602141822e-16,0.13849525223486125,182.5188090801239
net5,378,-1,1,1.1119489601343056e-15,5.149896791835102e-17,0.02251059003174305,12.892481803894043
net50,4788,-1,2,1.6476832173499024e-15,5.330551978825499e-16,0.17552820712444372,155.71356958150864
net51,5328,-1,2,1.8064237561706996e-15,6.91795736703347e-16,0.3262720394413918,175.19399499893188
net52,72,-1,1,7.018421827324935e-16,8.329192607706756e-18,0.0,3.800457000732422
net53,2034,-1,2,1.405297857350388e-15,2.578348174409593e-16,0.09388193540507928,68.64226245880127
net54,1197,-1,4,3.515705327027303e-15,1.3156941593877366e-16,0.016463404055684805,41.84571194648743
net55,1368,-1,1,1.4171317546564778e-15,1.7792170579048914e-16,0.1093299426138401,44.62085723876953
net56,558,-1,1,2.1556759808726185e-15,8.466581351751403e-17,0.044133972842246294,20.071935653686523
net57,558,-1,2,1.938658092973068e-15,8.932809461743851e-17,0.0455001057125628,21.060216307640076
net58,1836,-1,3,2.119322385567648e-15,2.718723768384496e-16,0.14718513475963846,63.4640588760376
net59,1836,-1,3,1.9616169210083956e-15,2.8116686936867103e-16,0.11721410529571585,64.52639961242676
net6,594,-1,1,1.133322036613255e-15,7.287204439730037e-17,0.02251059003174305,19.310382843017578
net60,360,-1,1,1.475914464767387e-15,6.492444013233168e-17,0.020573052228428423,14.103837013244629
net61,990,-1,1,1.3563889044265038e-15,1.976989721968114e-16,0.09467900940217078,33.36119079589844
net62,4050,-1,3,2.6379513418090363e-15,7.602664920275956e-16,0.38732222211547196,130.65300047397614
net63,1206,-1,2,1.4752593906618042e-15,1.4393747339722573e-16,0.025289854791481048,42.54189395904541
net64,1926,-1,4,2.8021846775345407e-15,3.242397652859731e-16,0.17311092917225324,72.69413483142853
net65,630,-1,1,1.5114848722335024e-15,1.0049484759844718e-16,0.022684330586344004,22.26791763305664
net66,1584,-1,4,2.498047545185754e-15,1.8681756343990902e-16,0.0641254170332104,56.64207637310028
net67,270,-1,1,1.001679140566307e-15,3.9884134508244833e-17,0.007086850391715416,11.514735221862793
net68,684,-1,2,1.3177733076358907e-15,1.0256129035239245e-16,0.04113235155818984,28.827522039413452
net69,1062,-1,2,1.2931750473311522e-15,1.2811510970075221e-16,0.022907810285687447,38.316321849823
net7,378,-1,1,1.115566955489384e-15,5.511696327342936e-17,0.02251059003174305,12.892481803894043
net70,918,-1,2,2.4221082886073273e-15,1.330271596409983e-16,0.05035025184042752,34.17942500114441
net71,2700,-1,3,2.969488719452079e-15,4.1079657985823234e-16,0.09448120684828609,92.28061842918396
net72,1008,-1,1,1.275869423064918e-15,1.9694945391760975e-16,0.08049262559507042,33.35753631591797
net73,3006,-1,4,3.490459933550862e-15,4.119911080720977e-16,0.18158820015378296,105.43913066387177
net74,162,-1,1,2.2124110947126588e-15,1.9481122512138467e-17,0.01197129674255848,7.82764196395874
net75,1404,-1,1,8.022326335201915e-16,2.04325628580537e-16,0.03641048017016146,47.83346176147461
net76,1440,-1,1,8.52299903999446e-16,2.3394287673511246e-16,0.0748794605024159,49.490962982177734
net77,3150,-1,3,2.24233232181618e-15,4.0790629168396386e-16,0.12455467185463931,105.49581307172775
net78,198,-1,1,5.725208981148511e-16,2.5817934809225498e-17,0.004733349574962631,9.375434875488281
net79,1242,-1,3,2.9607458571287567e-15,1.7055177799554788e-16,0.04359809027846495,45.55245679616928
net8,2106,-1,1,8.068146053088045e-16,1.7264162003466105e-16,0.008587037213146687,69.15605092048645
net80,540,-1,1,1.1691191312718794e-15,8.174905556364385e-17,0.03393302933545783,20.49704933166504
net81,90,-1,1,1.661861384216637e-15,8.851388419689032e-18,0.0,5.574977874755859
net82,594,-1,2,2.6639334421913515e-15,9.156341456524261e-17,0.04535045102238655,22.21123492717743
net83,2448,-1,4,2.9278269804249024e-15,4.938629834130934e-16,0.3095231323968619,90.18062007427216
net84,792,-1,1,7.658535742872442e-16,1.2591356519171988e-16,0.06420058966614306,27.8428955078125
net85,396,-1,1,1.4571038747121187e-15,4.61138500770634e-17,0.0006784200086258352,13.42730712890625
net86,3222,-1,4,2.817317979928423e-15,4.915370309399331e-16,0.2426609069807455,108.17157137393951
net87,126,-1,1,1.661843702403863e-15,2.118365873611961e-17,0.013963183970190585,6.138144016265869
net88,270,-1,1,2.120407011256607e-15,4.939684390150266e-17,0.022233934607356787,11.514735221862793
net89,612,-1,1,7.300465269914895e-16,1.0327147453910598e-16,0.050713246206214535,24.07077980041504
net9,1818,-1,1,7.832208202003912e-16,1.4904783492624774e-16,0.0,59.63891410827637
net90,1368,-1,3,2.7051174546362765e-15,1.954994393910288e-16,0.04051748849451542,49.20755386352539
net91,126,-1,1,1.6658878612105287e-15,1.2877865413580755e-17,0.0,6.138144016265869
net92,2646,-1,4,2.7859008926400504e-15,4.484719700773932e-16,0.24163581532775424,91.63912081718445
net93,1044,-1,1,1.2780102988391032e-15,2.066402519880278e-16,0.09902652003802359,35.16405487060547
net94,2376,-1,4,2.779689176521361e-15,3.1440719507600835e-16,0.13414929318241775,81.5027482509613
net95,684,-1,1,7.332901337838815e-16,8.480012117921304e-17,0.011013831477612257,25.930322647094727
net96,270,-1,1,1.711487879925964e-15,5.847788412901601e-17,0.03961654360864486,11.121615409851074
net97,1404,-1,4,2.5549764178124787e-15,1.8303238495686637e-16,0.038196279709154624,52.391817688941956
net98,648,-1,1,1.4716200077248076e-15,1.0087008319408083e-16,0.04786359565332532,23.22785758972168
net99,306,-1,1,6.077362399573895e-16,4.75942519106271e-17,0.022063756361603737,12.58438491821289
